{"name":"odwiedzone podczas wyjazdu na konferencję","slug":"odwiedzone-podczas-wyjazdu-na-konferencje","extremes":{"north":"49.993211864745","east":"4.8236078039447","south":"34.391485170778","west":"135.83433968499"},"breweries":[{"id":496,"name":"Browar Dwie Wieże","altName":"","slug":"browar-dwie-wieze","location":{"country":{"name":"Polska","symbol":"pl","slug":"polska"},"coordinates":["19.849883","49.991685"],"city":{"name":"Kraków","translation":"","slug":"krakow","country":{"name":"Polska","symbol":"pl","slug":"polska"},"breweries":8,"trips":5},"address":"Wapowskiego 8"},"date":"listopad 2024"},{"id":497,"name":"Browar Pod Wielką Solą","altName":"","slug":"browar-pod-wielka-sola","location":{"country":{"name":"Polska","symbol":"pl","slug":"polska"},"coordinates":["20.078079","49.993212"],"city":{"name":"Wieliczka","translation":"","slug":"wieliczka","country":{"name":"Polska","symbol":"pl","slug":"polska"},"breweries":1,"trips":1},"address":"Grunwaldzka 46"},"date":"listopad 2024"},{"id":498,"name":"Malting-Pot Part-Dieu","altName":"","slug":"malting-pot-part-dieu","location":{"country":{"name":"Francja","symbol":"fr","slug":"francja"},"coordinates":["4.862459","45.761060"],"city":{"name":"Lyon","translation":"","slug":"lyon","country":{"name":"Francja","symbol":"fr","slug":"francja"},"breweries":6,"trips":1},"address":"2 Pl. de Francfort"},"date":"listopad 2024"},{"id":499,"name":"Brasserie Platypus","altName":"","slug":"brasserie-platypus","location":{"country":{"name":"Francja","symbol":"fr","slug":"francja"},"coordinates":["4.823608","45.746321"],"city":{"name":"Lyon","translation":"","slug":"lyon","country":{"name":"Francja","symbol":"fr","slug":"francja"},"breweries":6,"trips":1},"address":"32 Cr Charlemagne"},"date":"listopad 2024"},{"id":500,"name":"Brasserie Georges","altName":"","slug":"brasserie-georges","location":{"country":{"name":"Francja","symbol":"fr","slug":"francja"},"coordinates":["4.828310","45.748263"],"city":{"name":"Lyon","translation":"","slug":"lyon","country":{"name":"Francja","symbol":"fr","slug":"francja"},"breweries":6,"trips":1},"address":"30 Cr de Verdun Perrache"},"date":"listopad 2024"},{"id":501,"name":"Brasserie de l'Amour","altName":"","slug":"brasserie-de-lamour","location":{"country":{"name":"Francja","symbol":"fr","slug":"francja"},"coordinates":["4.871574","45.764610"],"city":{"name":"Villeurbanne","translation":"","slug":"villeurbanne","country":{"name":"Francja","symbol":"fr","slug":"francja"},"breweries":1,"trips":1},"address":"82 Rue Magenta"},"date":"listopad 2024"},{"id":502,"name":"La Beer Fabrique","altName":"","slug":"la-beer-fabrique","location":{"country":{"name":"Francja","symbol":"fr","slug":"francja"},"coordinates":["4.834107","45.768994"],"city":{"name":"Lyon","translation":"","slug":"lyon","country":{"name":"Francja","symbol":"fr","slug":"francja"},"breweries":6,"trips":1},"address":"10 Rue Saint-Polycarpe"},"date":"listopad 2024"},{"id":503,"name":"Drôle d'oiseau","altName":"","slug":"drole-doiseau","location":{"country":{"name":"Francja","symbol":"fr","slug":"francja"},"coordinates":["4.854691","45.753934"],"city":{"name":"Lyon","translation":"","slug":"lyon","country":{"name":"Francja","symbol":"fr","slug":"francja"},"breweries":6,"trips":1},"address":"49 Rue de l'Abondance"},"date":"listopad 2024"},{"id":504,"name":"Malting-Pot Lyon-7","altName":"","slug":"malting-pot-lyon-7","location":{"country":{"name":"Francja","symbol":"fr","slug":"francja"},"coordinates":["4.858389","45.747480"],"city":{"name":"Lyon","translation":"","slug":"lyon","country":{"name":"Francja","symbol":"fr","slug":"francja"},"breweries":6,"trips":1},"address":"263 Gd Rue de la Guillotière"},"date":"listopad 2024"},{"id":593,"name":"을지맥옥","altName":"Euljiro Brewing","slug":"euljimaegog","location":{"country":{"name":"Korea Południowa","symbol":"kr","slug":"korea-poludniowa"},"coordinates":["126.990717","37.565453"],"city":{"name":"서울","translation":"Seul","slug":"seoul","country":{"name":"Korea Południowa","symbol":"kr","slug":"korea-poludniowa"},"breweries":4,"trips":1},"address":"48-16 Supyo-ro, Euljiro 3(sam)-ga, Jung District"},"date":"wrzesień 2025"},{"id":594,"name":"느린마을양조장 홍대점 요리주점","altName":"Hongdae Pub Hong’s Makgeolli Brewery","slug":"neurinmaeulyangjojang-hongdaejeom-yorijujeom","location":{"country":{"name":"Korea Południowa","symbol":"kr","slug":"korea-poludniowa"},"coordinates":["126.921832","37.554016"],"city":{"name":"서울","translation":"Seul","slug":"seoul","country":{"name":"Korea Południowa","symbol":"kr","slug":"korea-poludniowa"},"breweries":4,"trips":1},"address":"14 Hongik-ro 5an-gil, Mapo-gu"},"date":"wrzesień 2025"},{"id":595,"name":"서울브루어리 합정","altName":"Seoul Brewery","slug":"seoulbeurueori-habjeong","location":{"country":{"name":"Korea Południowa","symbol":"kr","slug":"korea-poludniowa"},"coordinates":["126.914604","37.545925"],"city":{"name":"서울","translation":"Seul","slug":"seoul","country":{"name":"Korea Południowa","symbol":"kr","slug":"korea-poludniowa"},"breweries":4,"trips":1},"address":"10 Tojeong-ro 3an-gil, Mapo-gu"},"date":"wrzesień 2025"},{"id":596,"name":"Ape Brewing","altName":"","slug":"ape-brewing","location":{"country":{"name":"Japonia","symbol":"jp","slug":"japonia"},"coordinates":["135.505739","34.686420"],"city":{"name":"大阪市","translation":"Osaka","slug":"osaka","country":{"name":"Japonia","symbol":"jp","slug":"japonia"},"breweries":7,"trips":1},"address":"Chuo Ward, Kawaramachi, 2 Chome−1−15 瓦町大都ビル １F"},"date":"wrzesień 2025"},{"id":597,"name":"ブリューパブ テタールヴァレ","altName":"Brewpub Têtard Vallée","slug":"buriyupabu-tetaruvuare","location":{"country":{"name":"Japonia","symbol":"jp","slug":"japonia"},"coordinates":["135.516696","34.685999"],"city":{"name":"大阪市","translation":"Osaka","slug":"osaka","country":{"name":"Japonia","symbol":"jp","slug":"japonia"},"breweries":7,"trips":1},"address":"Chuo Ward, Otedori, 1 Chome−1−2 アトランティス２１ 1F"},"date":"wrzesień 2025"},{"id":598,"name":"Craftman Umami","altName":"","slug":"craftman-umami","location":{"country":{"name":"Japonia","symbol":"jp","slug":"japonia"},"coordinates":["135.501396","34.706364"],"city":{"name":"大阪市","translation":"Osaka","slug":"osaka","country":{"name":"Japonia","symbol":"jp","slug":"japonia"},"breweries":7,"trips":1},"address":"2 Chome-4-25 Nakazakinishi, Kita Ward"},"date":"wrzesień 2025"},{"id":599,"name":"Craft Beer Base Mother Tree","altName":"","slug":"craft-beer-base-mother-tree","location":{"country":{"name":"Japonia","symbol":"jp","slug":"japonia"},"coordinates":["135.487901","34.704972"],"city":{"name":"大阪市","translation":"Osaka","slug":"osaka","country":{"name":"Japonia","symbol":"jp","slug":"japonia"},"breweries":7,"trips":1},"address":"1 Chome-13-13 Oyodonaka, Kita Ward"},"date":"wrzesień 2025"},{"id":600,"name":"道頓堀ビール","altName":"Dōtonbori Beer","slug":"dao-dun-ku-biru","location":{"country":{"name":"Japonia","symbol":"jp","slug":"japonia"},"coordinates":["135.500999","34.668482"],"city":{"name":"大阪市","translation":"Osaka","slug":"osaka","country":{"name":"Japonia","symbol":"jp","slug":"japonia"},"breweries":7,"trips":1},"address":"Chuo Ward, Dotonbori, 1 Chome−9−19 大阪松竹座 B2階"},"date":"wrzesień 2025"},{"id":601,"name":"「バク 堀江醸造局＆タップルーム」","altName":"Bak Horie Brewing Studio","slug":"baku-ku-jiang-niang-zao-ju-tatsupurumu","location":{"country":{"name":"Japonia","symbol":"jp","slug":"japonia"},"coordinates":["135.492184","34.674118"],"city":{"name":"大阪市","translation":"Osaka","slug":"osaka","country":{"name":"Japonia","symbol":"jp","slug":"japonia"},"breweries":7,"trips":1},"address":"2 Chome-7-1 Kitahorie, Nishi Ward"},"date":"wrzesień 2025"},{"id":602,"name":"今西清兵衛商店","altName":"Harushika Sake Brewery","slug":"jin-xi-qing-bing-wei-shang-dian","location":{"country":{"name":"Japonia","symbol":"jp","slug":"japonia"},"coordinates":["135.834340","34.677013"],"city":{"name":"奈良市","translation":"Nara","slug":"nara","country":{"name":"Japonia","symbol":"jp","slug":"japonia"},"breweries":3,"trips":1},"address":"24-1 Fukuchiincho"},"date":"wrzesień 2025"},{"id":603,"name":"なら麦酒ならまち醸造所","altName":"Naramachi Brewery","slug":"naramai-jiu-naramachiniang-zao-suo","location":{"country":{"name":"Japonia","symbol":"jp","slug":"japonia"},"coordinates":["135.833621","34.675547"],"city":{"name":"奈良市","translation":"Nara","slug":"nara","country":{"name":"Japonia","symbol":"jp","slug":"japonia"},"breweries":3,"trips":1},"address":"956-2 Kideracho"},"date":"wrzesień 2025"},{"id":604,"name":"大和醸造","altName":"Yamato Brewery","slug":"da-he-niang-zao","location":{"country":{"name":"Japonia","symbol":"jp","slug":"japonia"},"coordinates":["135.828843","34.683862"],"city":{"name":"奈良市","translation":"Nara","slug":"nara","country":{"name":"Japonia","symbol":"jp","slug":"japonia"},"breweries":3,"trips":1},"address":"Higashimuki Nakamachi, 6 奈良県経済倶楽部ビル 1F"},"date":"wrzesień 2025"},{"id":605,"name":"ニューミュンヘン","altName":"Nyū Myunhen\/New München","slug":"niyumiyunhen","location":{"country":{"name":"Japonia","symbol":"jp","slug":"japonia"},"coordinates":["135.191863","34.690614"],"city":{"name":"神戸市","translation":"Kobe","slug":"kobe","country":{"name":"Japonia","symbol":"jp","slug":"japonia"},"breweries":1,"trips":1},"address":"2 Chome-5-18 Sannomiyacho, Chuo Ward"},"date":"wrzesień 2025"},{"id":606,"name":"ブリューパブ センターポイント","altName":"Centerpoint","slug":"buriyupabu-sentapointo","location":{"country":{"name":"Japonia","symbol":"jp","slug":"japonia"},"coordinates":["135.507175","34.709505"],"city":{"name":"大阪市","translation":"Osaka","slug":"osaka","country":{"name":"Japonia","symbol":"jp","slug":"japonia"},"breweries":7,"trips":1},"address":"2 Chome-5-8 Ukida, Kita Ward"},"date":"wrzesień 2025"},{"id":607,"name":"Hiroshima Neighborly Brewing","altName":"","slug":"hiroshima-neighborly-brewing","location":{"country":{"name":"Japonia","symbol":"jp","slug":"japonia"},"coordinates":["132.455627","34.394149"],"city":{"name":"広島市","translation":"Hiroszima","slug":"hiroszima","country":{"name":"Japonia","symbol":"jp","slug":"japonia"},"breweries":2,"trips":1},"address":"1 Chome-5-10 Otemachi, Naka Ward"},"date":"wrzesień 2025"},{"id":608,"name":"ケンビーズブリューパブ","altName":"KeMBY'S Brew Pub","slug":"kenbizuburiyupabu","location":{"country":{"name":"Japonia","symbol":"jp","slug":"japonia"},"coordinates":["132.455175","34.391485"],"city":{"name":"広島市","translation":"Hiroszima","slug":"hiroszima","country":{"name":"Japonia","symbol":"jp","slug":"japonia"},"breweries":2,"trips":1},"address":"2 Chome-9-13 Otemachi, Naka Ward"},"date":"wrzesień 2025"},{"id":609,"name":"京都醸造","altName":"Kyoto Brewing Co.","slug":"jing-du-niang-zao","location":{"country":{"name":"Japonia","symbol":"jp","slug":"japonia"},"coordinates":["135.743755","34.974809"],"city":{"name":"京都市","translation":"Kioto","slug":"kioto","country":{"name":"Japonia","symbol":"jp","slug":"japonia"},"breweries":5,"trips":1},"address":"25-1 Nishikujo Takahatacho, Minami Ward"},"date":"wrzesień 2025"},{"id":610,"name":"KBL THE GARAGE","altName":"","slug":"kbl-the-garage","location":{"country":{"name":"Japonia","symbol":"jp","slug":"japonia"},"coordinates":["135.739907","34.990654"],"city":{"name":"京都市","translation":"Kioto","slug":"kioto","country":{"name":"Japonia","symbol":"jp","slug":"japonia"},"breweries":5,"trips":1},"address":"27-2 Sujakuhozocho, Shimogyo Ward"},"date":"wrzesień 2025"},{"id":611,"name":"京都ビアラボ","altName":"Kyoto Beer Lab","slug":"jing-du-biarabo","location":{"country":{"name":"Japonia","symbol":"jp","slug":"japonia"},"coordinates":["135.765694","34.990667"],"city":{"name":"京都市","translation":"Kioto","slug":"kioto","country":{"name":"Japonia","symbol":"jp","slug":"japonia"},"breweries":5,"trips":1},"address":"201-3 Juzenjicho, Shimogyo Ward"},"date":"wrzesień 2025"},{"id":612,"name":"スプリングバレーブルワリー 京都","altName":"Spring Valley Brewery Kyoto","slug":"supuringubareburuwari-jing-du","location":{"country":{"name":"Japonia","symbol":"jp","slug":"japonia"},"coordinates":["135.764816","35.005497"],"city":{"name":"京都市","translation":"Kioto","slug":"kioto","country":{"name":"Japonia","symbol":"jp","slug":"japonia"},"breweries":5,"trips":1},"address":"Nakagyo Ward, 富小路通587-2"},"date":"wrzesień 2025"},{"id":613,"name":"京都嵐山ブルワリー 三条醸造所","altName":"Kyoto Arashiyama Brewery Sanjō","slug":"jing-du-lan-shan-buruwari-san-tiao-niang-zao-suo","location":{"country":{"name":"Japonia","symbol":"jp","slug":"japonia"},"coordinates":["135.769395","35.009365"],"city":{"name":"京都市","translation":"Kioto","slug":"kioto","country":{"name":"Japonia","symbol":"jp","slug":"japonia"},"breweries":5,"trips":1},"address":"Nakagyo Ward, Ebisucho, 534-33 ＡＩＲＰＯＲＴ ＢＬＤ． 1階"},"date":"wrzesień 2025"},{"id":614,"name":"미스터리브루잉컴퍼니","altName":"MysterLee Brewing Co.","slug":"miseuteoribeuruingkeompeoni","location":{"country":{"name":"Korea Południowa","symbol":"kr","slug":"korea-poludniowa"},"coordinates":["126.947314","37.544151"],"city":{"name":"서울","translation":"Seul","slug":"seoul","country":{"name":"Korea Południowa","symbol":"kr","slug":"korea-poludniowa"},"breweries":4,"trips":1},"address":"311 Dongmak-ro, Mapo-gu"},"date":"wrzesień 2025"}],"counters":{"breweries":31,"trips":2,"cities":10,"countries":4}}