{"name":"województwo wielkopolskie","slug":"wojewodztwo-wielkopolskie","extremes":{"north":"52.536957","east":"16.735698328843","south":"51.585578","west":"18.525900"},"breweries":[{"id":24,"name":"Brovaria","altName":"","slug":"brovaria","location":{"country":{"name":"Polska","symbol":"pl","slug":"polska"},"coordinates":["16.932367","52.408013"],"city":{"name":"Poznań","translation":"","slug":"poznan","country":{"name":"Polska","symbol":"pl","slug":"polska"},"breweries":4,"trips":3},"address":"Stary Rynek 73-74"},"date":"listopad 2015"},{"id":42,"name":"Browar Restauracyjny Złoty Róg","altName":"","slug":"browar-restauracyjny-zloty-rog","location":{"country":{"name":"Polska","symbol":"pl","slug":"polska"},"coordinates":["18.087480","51.760567"],"city":{"name":"Kalisz","translation":"","slug":"kalisz","country":{"name":"Polska","symbol":"pl","slug":"polska"},"breweries":1,"trips":1},"address":"Aleja Wolności 3"},"date":"sierpień 2016"},{"id":56,"name":"Lech Browary Wielkopolski","altName":"","slug":"lech-browary-wielkopolski","location":{"country":{"name":"Polska","symbol":"pl","slug":"polska"},"coordinates":["16.996839","52.385371"],"city":{"name":"Poznań","translation":"","slug":"poznan","country":{"name":"Polska","symbol":"pl","slug":"polska"},"breweries":4,"trips":3},"address":"Szwajcarska 11"},"date":"listopad 2016"},{"id":57,"name":"Ułan Browar","altName":"","slug":"ulan-browar","location":{"country":{"name":"Polska","symbol":"pl","slug":"polska"},"coordinates":["16.895479","52.399243"],"city":{"name":"Poznań","translation":"","slug":"poznan","country":{"name":"Polska","symbol":"pl","slug":"polska"},"breweries":4,"trips":3},"address":"Stanisława Wyspiańskiego 26"},"date":"listopad 2016"},{"id":70,"name":"Browar Turek","altName":"","slug":"browar-turek","location":{"country":{"name":"Polska","symbol":"pl","slug":"polska"},"coordinates":["18.525900","52.014492"],"city":{"name":"Turek","translation":"","slug":"turek","country":{"name":"Polska","symbol":"pl","slug":"polska"},"breweries":1,"trips":1},"address":"aleja NSZZ Solidarność 37"},"date":"lipiec 2017"},{"id":120,"name":"Browar Brewicz","altName":"","slug":"browar-brewicz","location":{"country":{"name":"Polska","symbol":"pl","slug":"polska"},"coordinates":["16.869328","51.613867"],"city":{"name":"Rawicz","translation":"","slug":"rawicz","country":{"name":"Polska","symbol":"pl","slug":"polska"},"breweries":1,"trips":1},"address":"Armii Krajowej 4"},"date":"maj 2019"},{"id":160,"name":"Bierhalle Posnania","altName":"","slug":"bierhalle-posnania","location":{"country":{"name":"Polska","symbol":"pl","slug":"polska"},"coordinates":["16.954274","52.397957"],"city":{"name":"Poznań","translation":"","slug":"poznan","country":{"name":"Polska","symbol":"pl","slug":"polska"},"breweries":4,"trips":3},"address":"Pleszewska 1"},"date":"wrzesień 2019"},{"id":234,"name":"Browar Nepomucen","altName":"","slug":"browar-nepomucen","location":{"country":{"name":"Polska","symbol":"pl","slug":"polska"},"coordinates":["17.148843","51.585578"],"city":{"name":"Szkaradowo","translation":"","slug":"szkaradowo","country":{"name":"Polska","symbol":"pl","slug":"polska"},"breweries":1,"trips":1},"address":"Szkaradowo 115"},"date":"październik 2020"},{"id":252,"name":"Dobry Browar","altName":"","slug":"dobry-browar","location":{"country":{"name":"Polska","symbol":"pl","slug":"polska"},"coordinates":["17.598659","52.536957"],"city":{"name":"Gniezno","translation":"","slug":"gniezno","country":{"name":"Polska","symbol":"pl","slug":"polska"},"breweries":1,"trips":1},"address":"Grzybowo 34"},"date":"lipiec 2021"},{"id":310,"name":"Browar Szreniawa","altName":"","slug":"browar-szreniawa","location":{"country":{"name":"Polska","symbol":"pl","slug":"polska"},"coordinates":["16.797506","52.315207"],"city":{"name":"Szreniawa","translation":"","slug":"szreniawa","country":{"name":"Polska","symbol":"pl","slug":"polska"},"breweries":1,"trips":1},"address":"Dworcowa 5"},"date":"marzec 2022"},{"id":513,"name":"Browar Sady","altName":"","slug":"browar-sady","location":{"country":{"name":"Polska","symbol":"pl","slug":"polska"},"coordinates":["16.735698","52.447822"],"city":{"name":"Sady","translation":"","slug":"sady","country":{"name":"Polska","symbol":"pl","slug":"polska"},"breweries":1,"trips":1},"address":"Logistyczna 21"},"date":"marzec 2025"},{"id":628,"name":"Browar Fortuna","altName":"","slug":"browar-fortuna","location":{"country":{"name":"Polska","symbol":"pl","slug":"polska"},"coordinates":["17.489147","52.205399"],"city":{"name":"Miłosław","translation":"","slug":"miloslaw","country":{"name":"Polska","symbol":"pl","slug":"polska"},"breweries":1,"trips":1},"address":"Wrzesińska 24"},"date":"październik 2025"},{"id":629,"name":"Browar Gzub","altName":"","slug":"browar-gzub","location":{"country":{"name":"Polska","symbol":"pl","slug":"polska"},"coordinates":["17.200507","52.208347"],"city":{"name":"Annopole","translation":"","slug":"annopole","country":{"name":"Polska","symbol":"pl","slug":"polska"},"breweries":1,"trips":1},"address":"Annopole 9a"},"date":"październik 2025"},{"id":630,"name":"Browar Bojanowo","altName":"","slug":"browar-bojanowo","location":{"country":{"name":"Polska","symbol":"pl","slug":"polska"},"coordinates":["16.747033","51.709076"],"city":{"name":"Bojanowo","translation":"","slug":"bojanowo","country":{"name":"Polska","symbol":"pl","slug":"polska"},"breweries":1,"trips":1},"address":"Browarowa 2"},"date":"październik 2025"}],"counters":{"breweries":14,"trips":11,"cities":11,"countries":1}}