{"id":"45","name":"Browar Koreb","altName":null,"slug":"browar-koreb","note":"","location":{"country":{"name":"Polska","symbol":"pl","slug":"polska"},"coordinates":["19.116613","51.600528"],"city":{"name":"Łask","translation":"","slug":"lask","country":{"name":"Polska","symbol":"pl","slug":"polska"},"breweries":2,"trips":1},"address":"Stefana Żeromskiego 72"},"date":{"label":"19 sierpnia 2016","year":"2016","month":"08"},"trip":{"name":"łódzkie, sierpień 2016","slug":"lodzkie-sierpien-2016"},"tags":{"europa":{"name":"Europa","slug":"europa","breweries":580},"mikrobrowar":{"name":"mikrobrowar","slug":"mikrobrowar","breweries":133},"obejrzany-sprzet":{"name":"obejrzany sprzęt","slug":"obejrzany-sprzet","breweries":565},"panstwa-unii-europejskiej":{"name":"państwa Unii Europejskiej","slug":"panstwa-unii-europejskiej","breweries":461},"piwo-sprobowane-na-wynos":{"name":"piwo spróbowane na wynos","slug":"piwo-sprobowane-na-wynos","breweries":95},"przybrowarniany-sklep":{"name":"przybrowarniany sklep","slug":"przybrowarniany-sklep","breweries":64},"wojewodztwo-lodzkie":{"name":"województwo łódzkie","slug":"wojewodztwo-lodzkie","breweries":14}}}