{"id":"504","name":"Malting-Pot Lyon-7","altName":null,"slug":"malting-pot-lyon-7","note":"","location":{"country":{"name":"Francja","symbol":"fr","slug":"francja"},"coordinates":["4.858389","45.747480"],"city":{"name":"Lyon","translation":"","slug":"lyon","country":{"name":"Francja","symbol":"fr","slug":"francja"},"breweries":6,"trips":1},"address":"263 Gd Rue de la Guillotière"},"date":{"label":"13 listopada 2024","year":"2024","month":"11"},"trip":{"name":"Kraków i Lyon, listopad 2024","slug":"krakow-i-lyon-listopad-2024"},"tags":{"brewpub":{"name":"brewpub","slug":"brewpub","breweries":215},"europa":{"name":"Europa","slug":"europa","breweries":570},"obejrzany-sprzet":{"name":"obejrzany sprzęt","slug":"obejrzany-sprzet","breweries":556},"odwiedzone-podczas-wyjazdu-na-konferencje":{"name":"odwiedzone podczas wyjazdu na konferencję","slug":"odwiedzone-podczas-wyjazdu-na-konferencje","breweries":31},"panstwa-unii-europejskiej":{"name":"państwa Unii Europejskiej","slug":"panstwa-unii-europejskiej","breweries":451},"piwo-sprobowane-na-miejscu":{"name":"piwo spróbowane na miejscu","slug":"piwo-sprobowane-na-miejscu","breweries":519},"siec-malting-pot":{"name":"sieć Malting-Pot","slug":"siec-malting-pot","breweries":2}}}