{"id":"400","name":"Nadwarciański Browar","altName":null,"slug":"nadwarcianski-browar","note":"","location":{"country":{"name":"Polska","symbol":"pl","slug":"polska"},"coordinates":["18.616241","51.143601"],"city":{"name":"Pątnów","translation":"","slug":"patnow","country":{"name":"Polska","symbol":"pl","slug":"polska"},"breweries":1,"trips":1},"address":"Pątnów 74"},"date":{"label":"26 listopada 2022","year":"2022","month":"11"},"trip":{"name":"ziemia sieradzka, listopad 2022","slug":"ziemia-sieradzka-listopad-2022"},"tags":{"europa":{"name":"Europa","slug":"europa","breweries":558},"mikrobrowar":{"name":"mikrobrowar","slug":"mikrobrowar","breweries":131},"obejrzany-sprzet":{"name":"obejrzany sprzęt","slug":"obejrzany-sprzet","breweries":546},"panstwa-unii-europejskiej":{"name":"państwa Unii Europejskiej","slug":"panstwa-unii-europejskiej","breweries":439},"piwo-sprobowane-na-wynos":{"name":"piwo spróbowane na wynos","slug":"piwo-sprobowane-na-wynos","breweries":93},"przybrowarniany-sklep":{"name":"przybrowarniany sklep","slug":"przybrowarniany-sklep","breweries":62},"wojewodztwo-lodzkie":{"name":"województwo łódzkie","slug":"wojewodztwo-lodzkie","breweries":14}}}