{
  "cities": [
    {
      "name": "London",
      "mappings": [
        {
          "mapping": "translation",
          "value": "Londyn"
        }
      ]
    },
    {
      "name": "Київ",
      "mappings": [
        {
          "mapping": "slug",
          "value": "kyiv"
        },
        {
          "mapping": "translation",
          "value": "Kijów"
        }
      ]
    },
    {
      "name": "Wien",
      "mappings": [
        {
          "mapping": "translation",
          "value": "Wiedeń"
        }
      ]
    },
    {
      "name": "Bratislava",
      "mappings": [
        {
          "mapping": "translation",
          "value": "Bratysława"
        }
      ]
    },
    {
      "name": "Львів",
      "mappings": [
        {
          "mapping": "translation",
          "value": "Lwów"
        }
      ]
    },
    {
      "name": "Den Haag",
      "mappings": [
        {
          "mapping": "translation",
          "value": "Haga"
        }
      ]
    },
    {
      "name": "Bautzen",
      "mappings": [
        {
          "mapping": "translation",
          "value": "Budziszyn"
        }
      ]
    },
    {
      "name": "Dresden",
      "mappings": [
        {
          "mapping": "translation",
          "value": "Drezno"
        }
      ]
    },
    {
      "name": "Genève",
      "mappings": [
        {
          "mapping": "translation",
          "value": "Genewa"
        }
      ]
    },
    {
      "name": "Ħal Luqa",
      "mappings": [
        {
          "mapping": "translation",
          "value": "Luqa"
        }
      ]
    },
    {
      "name": "Hannover",
      "mappings": [
        {
          "mapping": "translation",
          "value": "Hanower"
        }
      ]
    },
    {
      "name": "Ix-Xewkija",
      "mappings": [
        {
          "mapping": "translation",
          "value": "Xewkija"
        }
      ]
    },
    {
      "name": "Litoměřice",
      "mappings": [
        {
          "mapping": "translation",
          "value": "Litomierzyce"
        }
      ]
    },
    {
      "name": "Olomouc",
      "mappings": [
        {
          "mapping": "translation",
          "value": "Ołomuniec"
        }
      ]
    },
    {
      "name": "Plzeň",
      "mappings": [
        {
          "mapping": "translation",
          "value": "Pilzno"
        }
      ]
    },
    {
      "name": "Prostějov",
      "mappings": [
        {
          "mapping": "translation",
          "value": "Prościejów"
        }
      ]
    },
    {
      "name": "Tas-Sliema",
      "mappings": [
        {
          "mapping": "translation",
          "value": "Sliema"
        }
      ]
    },
    {
      "name": "Tiranë",
      "mappings": [
        {
          "mapping": "translation",
          "value": "Tirana"
        }
      ]
    },
    {
      "name": "Trieste",
      "mappings": [
        {
          "mapping": "translation",
          "value": "Triest"
        }
      ]
    },
    {
      "name": "Ústí nad Labem",
      "mappings": [
        {
          "mapping": "translation",
          "value": "Uście nad Łabą"
        }
      ]
    },
    {
      "name": "Zürich",
      "mappings": [
        {
          "mapping": "translation",
          "value": "Zurych"
        }
      ]
    },
    {
      "name": "Köln",
      "mappings": [
        {
          "mapping": "translation",
          "value": "Kolonia"
        }
      ]
    },
    {
      "name": "La Habana",
      "mappings": [
        {
          "mapping": "translation",
          "value": "Hawana"
        }
      ]
    },
    {
      "name": "Žďár nad Sázavou",
      "mappings": [
        {
          "mapping": "translation",
          "value": "Zdziar nad Sazawą"
        }
      ]
    },
    {
      "name": "Budapest",
      "mappings": [
        {
          "mapping": "translation",
          "value": "Budapeszt"
        }
      ]
    },
    {
      "name": "Liptovský Mikuláš",
      "mappings": [
        {
          "mapping": "translation",
          "value": "Liptowski Mikułasz"
        }
      ]
    },
    {
      "name": "Liptovský Trnovec",
      "mappings": [
        {
          "mapping": "translation",
          "value": "Liptowski Tarnowiec"
        }
      ]
    },
    {
      "name": "Kvačany",
      "mappings": [
        {
          "mapping": "translation",
          "value": "Kwaczany"
        }
      ]
    },
    {
      "name": "Praha",
      "mappings": [
        {
          "mapping": "translation",
          "value": "Praga"
        }
      ]
    },
    {
      "name": "Torino",
      "mappings": [
        {
          "mapping": "translation",
          "value": "Turyn"
        }
      ]
    },
    {
      "name": "Milano",
      "mappings": [
        {
          "mapping": "translation",
          "value": "Mediolan"
        }
      ]
    },
    {
      "name": "Málaga",
      "mappings": [
        {
          "mapping": "translation",
          "value": "Malaga"
        }
      ]
    },
    {
      "name": "Schleswig",
      "mappings": [
        {
          "mapping": "translation",
          "value": "Szlezwik"
        }
      ]
    },
    {
      "name": "København",
      "mappings": [
        {
          "mapping": "translation",
          "value": "Kopenhaga"
        }
      ]
    },
    {
      "name": "Madrid",
      "mappings": [
        {
          "mapping": "translation",
          "value": "Madryt"
        }
      ]
    },
    {
      "name": "Nürnberg",
      "mappings": [
        {
          "mapping": "translation",
          "value": "Norymberga"
        }
      ]
    },
    {
      "name": "Ústí nad Orlicí",
      "mappings": [
        {
          "mapping": "translation",
          "value": "Uście nad Orlicą"
        }
      ]
    },
    {
      "name": "香港",
      "mappings": [
        {
          "mapping": "slug",
          "value": "hongkong"
        },
        {
          "mapping": "translation",
          "value": "Hongkong"
        }
      ]
    },
    {
      "name": "กรุงเทพมหานคร",
      "mappings": [
        {
          "mapping": "slug",
          "value": "bangkok"
        },
        {
          "mapping": "translation",
          "value": "Bangkok"
        }
      ]
    },
    {
      "name": "นนทบุรี",
      "mappings": [
        {
          "mapping": "slug",
          "value": "nonthaburi"
        },
        {
          "mapping": "translation",
          "value": "Nonthaburi"
        }
      ]
    },
    {
      "name": "臺北市",
      "mappings": [
        {
          "mapping": "slug",
          "value": "taipei"
        },
        {
          "mapping": "translation",
          "value": "Tajpej"
        }
      ]
    },
    {
      "name": "新北",
      "mappings": [
        {
          "mapping": "slug",
          "value": "new-taipei"
        },
        {
          "mapping": "translation",
          "value": "Nowe Tajpej"
        }
      ]
    },
    {
      "name": "Vilnius",
      "mappings": [
        {
          "mapping": "translation",
          "value": "Wilno"
        }
      ]
    },
    {
      "name": "서울",
      "mappings": [
        {
          "mapping": "slug",
          "value": "seoul"
        },
        {
          "mapping": "translation",
          "value": "Seul"
        }
      ]
    },
    {
      "name": "大阪市",
      "mappings": [
        {
          "mapping": "slug",
          "value": "osaka"
        },
        {
          "mapping": "translation",
          "value": "Osaka"
        }
      ]
    },
    {
      "name": "奈良市",
      "mappings": [
        {
          "mapping": "slug",
          "value": "nara"
        },
        {
          "mapping": "translation",
          "value": "Nara"
        }
      ]
    },
    {
      "name": "神戸市",
      "mappings": [
        {
          "mapping": "slug",
          "value": "kobe"
        },
        {
          "mapping": "translation",
          "value": "Kobe"
        }
      ]
    },
    {
      "name": "広島市",
      "mappings": [
        {
          "mapping": "slug",
          "value": "hiroszima"
        },
        {
          "mapping": "translation",
          "value": "Hiroszima"
        }
      ]
    },
    {
      "name": "京都市",
      "mappings": [
        {
          "mapping": "slug",
          "value": "kioto"
        },
        {
          "mapping": "translation",
          "value": "Kioto"
        }
      ]
    },
    {
      "name": "Lisboa",
      "mappings": [
        {
          "mapping": "translation",
          "value": "Lizbona"
        }
      ]
    },
    {
      "name": "Leipzig",
      "mappings": [
        {
          "mapping": "translation",
          "value": "Lipsk"
        }
      ]
    }
  ]
}
