{"label":"2025","slug":"2025","counters":{"breweries":133,"countries":14,"trips":15,"cities":40},"extremes":{"north":"54.686579591819","east":"-123.14648675373","south":"13.696891993275","west":"135.83433968499"},"breweries":[{"id":510,"name":"Měšťanský pivovar a hotel Na Zámečku","altName":"","slug":"mestansky-pivovar-a-hotel-na-zamecku","location":{"country":{"name":"Czechy","symbol":"cz","slug":"czechy"},"coordinates":["16.403695","49.960434"],"city":{"name":"Ústí nad Orlicí","translation":"Uście nad Orlicą","slug":"usti-nad-orlici","country":{"name":"Czechy","symbol":"cz","slug":"czechy"},"breweries":1,"trips":1},"address":"Hylváty 1"},"date":"styczeń 2025"},{"id":511,"name":"Pivovar Faltus","altName":"","slug":"pivovar-faltus","location":{"country":{"name":"Czechy","symbol":"cz","slug":"czechy"},"coordinates":["16.449327","49.900761"],"city":{"name":"Česká Třebová","translation":"","slug":"ceska-trebova","country":{"name":"Czechy","symbol":"cz","slug":"czechy"},"breweries":1,"trips":1},"address":"Moravská 207"},"date":"styczeń 2025"},{"id":512,"name":"Pivovar Veselka","altName":"","slug":"pivovar-veselka","location":{"country":{"name":"Czechy","symbol":"cz","slug":"czechy"},"coordinates":["16.316662","49.870874"],"city":{"name":"Litomyšl","translation":"","slug":"litomysl","country":{"name":"Czechy","symbol":"cz","slug":"czechy"},"breweries":1,"trips":1},"address":"T. Novákové 64"},"date":"styczeń 2025"},{"id":513,"name":"Browar Sady","altName":"","slug":"browar-sady","location":{"country":{"name":"Polska","symbol":"pl","slug":"polska"},"coordinates":["16.735698","52.447822"],"city":{"name":"Sady","translation":"","slug":"sady","country":{"name":"Polska","symbol":"pl","slug":"polska"},"breweries":1,"trips":1},"address":"Logistyczna 21"},"date":"marzec 2025"},{"id":514,"name":"The Trafalgar Brewing Company","altName":"","slug":"the-trafalgar-brewing-company","location":{"country":{"name":"Hongkong","symbol":"hk","slug":"hongkong"},"coordinates":["114.172734","22.319148"],"city":{"name":"香港","translation":"Hongkong","slug":"hongkong","country":{"name":"Hongkong","symbol":"hk","slug":"hongkong"},"breweries":4,"trips":1},"address":"Shop D, G\/F, 12-14 Yim Po Fong St, Mong Kok"},"date":"marzec 2025"},{"id":515,"name":"Bootleg Brothers Brewing Co.","altName":"","slug":"bootleg-brothers-brewing-co","location":{"country":{"name":"Tajlandia","symbol":"th","slug":"tajlandia"},"coordinates":["100.569793","13.731132"],"city":{"name":"กรุงเทพมหานคร","translation":"Bangkok","slug":"bangkok","country":{"name":"Tajlandia","symbol":"th","slug":"tajlandia"},"breweries":4,"trips":1},"address":"ชั้น 5 Escape Bangkok, 689 Sukhumvit Rd, Khlong Tan Nuea, Watthana"},"date":"marzec 2025"},{"id":516,"name":"โรงเบียร์เยอรมันตะวันแดง","altName":"Tawandang German Brewery","slug":"orngebiiyreyrmantawanaedng","location":{"country":{"name":"Tajlandia","symbol":"th","slug":"tajlandia"},"coordinates":["100.545796","13.696892"],"city":{"name":"กรุงเทพมหานคร","translation":"Bangkok","slug":"bangkok","country":{"name":"Tajlandia","symbol":"th","slug":"tajlandia"},"breweries":4,"trips":1},"address":"645 647 Pradit Manutham Rd, Lat Phrao"},"date":"marzec 2025"},{"id":517,"name":"The Londoner Brew Pub","altName":"","slug":"the-londoner-brew-pub","location":{"country":{"name":"Tajlandia","symbol":"th","slug":"tajlandia"},"coordinates":["100.620100","13.736355"],"city":{"name":"กรุงเทพมหานคร","translation":"Bangkok","slug":"bangkok","country":{"name":"Tajlandia","symbol":"th","slug":"tajlandia"},"breweries":4,"trips":1},"address":"1178 Phatthanakan Rd, Suan Luang"},"date":"marzec 2025"},{"id":518,"name":"โรงเบียร์สหประชาชื่น","altName":"United Peoples Brewery","slug":"orngebiiyrshprachaachuuen","location":{"country":{"name":"Tajlandia","symbol":"th","slug":"tajlandia"},"coordinates":["100.550830","13.833547"],"city":{"name":"กรุงเทพมหานคร","translation":"Bangkok","slug":"bangkok","country":{"name":"Tajlandia","symbol":"th","slug":"tajlandia"},"breweries":4,"trips":1},"address":"109 Thetsaban Nimit Tai 1 Alley, Lat Yao, Chatuchak"},"date":"marzec 2025"},{"id":519,"name":"Callmepapa Brewhouse","altName":"","slug":"callmepapa-brewhouse","location":{"country":{"name":"Tajlandia","symbol":"th","slug":"tajlandia"},"coordinates":["100.539567","13.866541"],"city":{"name":"นนทบุรี","translation":"Nonthaburi","slug":"nonthaburi","country":{"name":"Tajlandia","symbol":"th","slug":"tajlandia"},"breweries":3,"trips":1},"address":"เลขที่ 2 Ngamwongwarn 25 Alley"},"date":"marzec 2025"},{"id":520,"name":"โรงเบียร์มิตรสัมพันธ์","altName":"Mitr Brewery","slug":"orngebiiyrmitrsamphanth","location":{"country":{"name":"Tajlandia","symbol":"th","slug":"tajlandia"},"coordinates":["100.511694","13.916515"],"city":{"name":"นนทบุรี","translation":"Nonthaburi","slug":"nonthaburi","country":{"name":"Tajlandia","symbol":"th","slug":"tajlandia"},"breweries":3,"trips":1},"address":"85, 3 Tiwanon-Pak Kret 21 Alley"},"date":"marzec 2025"},{"id":521,"name":"โรงบ่มเทพนม","altName":"Devanom Brewing Company","slug":"orngbmethphnm","location":{"country":{"name":"Tajlandia","symbol":"th","slug":"tajlandia"},"coordinates":["100.511865","13.916796"],"city":{"name":"นนทบุรี","translation":"Nonthaburi","slug":"nonthaburi","country":{"name":"Tajlandia","symbol":"th","slug":"tajlandia"},"breweries":3,"trips":1},"address":"85, 18 Tiwanon-Pak Kret 21 Alley"},"date":"marzec 2025"},{"id":522,"name":"吉比鮮釀餐廳 台北信義店","altName":"GB Brewery - Xinyi","slug":"ji-bi-xian-niang-can-ting-tai-bei-xin-yi-dian","location":{"country":{"name":"Tajwan","symbol":"tw","slug":"tajwan"},"coordinates":["121.567132","25.037159"],"city":{"name":"臺北市","translation":"Tajpej","slug":"taipei","country":{"name":"Tajwan","symbol":"tw","slug":"tajwan"},"breweries":1,"trips":1},"address":"Songshou Rd, 11號2樓"},"date":"marzec 2025"},{"id":523,"name":"酉鬼啤酒","altName":"Ugly Half Beer","slug":"you-gui-pi-jiu","location":{"country":{"name":"Tajwan","symbol":"tw","slug":"tajwan"},"coordinates":["121.455849","25.069006"],"city":{"name":"新北","translation":"Nowe Tajpej","slug":"new-taipei","country":{"name":"Tajwan","symbol":"tw","slug":"tajwan"},"breweries":1,"trips":1},"address":"No. 9 號, Lane 116, Wugongsan Rd, Wugu District"},"date":"marzec 2025"},{"id":524,"name":"少爺啤酒廠","altName":"Young Master Brewery","slug":"shao-ye-pi-jiu-chang","location":{"country":{"name":"Hongkong","symbol":"hk","slug":"hongkong"},"coordinates":["114.167850","22.249656"],"city":{"name":"香港","translation":"Hongkong","slug":"hongkong","country":{"name":"Hongkong","symbol":"hk","slug":"hongkong"},"breweries":4,"trips":1},"address":"G\/F, Sungib Industrial Centre, 53 Wong Chuk Hang Rd, Wong Chuk Hang"},"date":"marzec 2025"},{"id":525,"name":"Black Kite Brewery","altName":"","slug":"black-kite-brewery","location":{"country":{"name":"Hongkong","symbol":"hk","slug":"hongkong"},"coordinates":["114.167484","22.249644"],"city":{"name":"香港","translation":"Hongkong","slug":"hongkong","country":{"name":"Hongkong","symbol":"hk","slug":"hongkong"},"breweries":4,"trips":1},"address":"11\/F, unit B, Derrick Industrial Building, 49 Wong Chuk Hang Rd, Wong Chuk Hang"},"date":"marzec 2025"},{"id":526,"name":"嘅英雄總部","altName":"Heroes Beer Co","slug":"kai-ying-xiong-zong-bu","location":{"country":{"name":"Hongkong","symbol":"hk","slug":"hongkong"},"coordinates":["114.237089","22.295435"],"city":{"name":"香港","translation":"Hongkong","slug":"hongkong","country":{"name":"Hongkong","symbol":"hk","slug":"hongkong"},"breweries":4,"trips":1},"address":"Unit 3C, Wah Fai Industrial Building, 4 Sze Shan St, Yau Tong"},"date":"marzec 2025"},{"id":527,"name":"Heidenpeters","altName":"","slug":"heidenpeters","location":{"country":{"name":"Niemcy","symbol":"de","slug":"niemcy"},"coordinates":["13.431604","52.502132"],"city":{"name":"Berlin","translation":"","slug":"berlin","country":{"name":"Niemcy","symbol":"de","slug":"niemcy"},"breweries":11,"trips":2},"address":"Eisenbahnstraße 42-43"},"date":"kwiecień 2025"},{"id":528,"name":"Privatbrauerei Schalander, Haus9","altName":"","slug":"privatbrauerei-schalander-haus9","location":{"country":{"name":"Niemcy","symbol":"de","slug":"niemcy"},"coordinates":["13.456769","52.507040"],"city":{"name":"Berlin","translation":"","slug":"berlin","country":{"name":"Niemcy","symbol":"de","slug":"niemcy"},"breweries":11,"trips":2},"address":"Revaler Str. 99"},"date":"kwiecień 2025"},{"id":529,"name":"Straßenbräu","altName":"","slug":"strassenbraeu","location":{"country":{"name":"Niemcy","symbol":"de","slug":"niemcy"},"coordinates":["13.469431","52.505476"],"city":{"name":"Berlin","translation":"","slug":"berlin","country":{"name":"Niemcy","symbol":"de","slug":"niemcy"},"breweries":11,"trips":2},"address":"Neue Bahnhofstraße 30"},"date":"kwiecień 2025"},{"id":530,"name":"Hops & Barley","altName":"","slug":"hops-barley","location":{"country":{"name":"Niemcy","symbol":"de","slug":"niemcy"},"coordinates":["13.460689","52.508945"],"city":{"name":"Berlin","translation":"","slug":"berlin","country":{"name":"Niemcy","symbol":"de","slug":"niemcy"},"breweries":11,"trips":2},"address":"Wühlischstraße 22\/23"},"date":"kwiecień 2025"},{"id":531,"name":"Brauhaus Südstern","altName":"","slug":"brauhaus-suedstern","location":{"country":{"name":"Niemcy","symbol":"de","slug":"niemcy"},"coordinates":["13.410463","52.488395"],"city":{"name":"Berlin","translation":"","slug":"berlin","country":{"name":"Niemcy","symbol":"de","slug":"niemcy"},"breweries":11,"trips":2},"address":"Hasenheide 69"},"date":"kwiecień 2025"},{"id":532,"name":"Brauhaus Neulich","altName":"","slug":"brauhaus-neulich","location":{"country":{"name":"Niemcy","symbol":"de","slug":"niemcy"},"coordinates":["13.419958","52.478406"],"city":{"name":"Berlin","translation":"","slug":"berlin","country":{"name":"Niemcy","symbol":"de","slug":"niemcy"},"breweries":11,"trips":2},"address":"Selchower Str. 20"},"date":"kwiecień 2025"},{"id":533,"name":"Brauhaus Georgbræu","altName":"","slug":"brauhaus-georgbraeu","location":{"country":{"name":"Niemcy","symbol":"de","slug":"niemcy"},"coordinates":["13.405504","52.516542"],"city":{"name":"Berlin","translation":"","slug":"berlin","country":{"name":"Niemcy","symbol":"de","slug":"niemcy"},"breweries":11,"trips":2},"address":"Spreeufer 4"},"date":"kwiecień 2025"},{"id":534,"name":"Biermeisterei by Lemke","altName":"","slug":"biermeisterei-by-lemke","location":{"country":{"name":"Niemcy","symbol":"de","slug":"niemcy"},"coordinates":["13.407959","52.522533"],"city":{"name":"Berlin","translation":"","slug":"berlin","country":{"name":"Niemcy","symbol":"de","slug":"niemcy"},"breweries":11,"trips":2},"address":"Karl-Liebknecht-Str. 13"},"date":"kwiecień 2025"},{"id":535,"name":"Das Lemke","altName":"","slug":"das-lemke","location":{"country":{"name":"Niemcy","symbol":"de","slug":"niemcy"},"coordinates":["13.404725","52.523278"],"city":{"name":"Berlin","translation":"","slug":"berlin","country":{"name":"Niemcy","symbol":"de","slug":"niemcy"},"breweries":11,"trips":2},"address":"S-Bahnbogen 143, Dircksenstraße"},"date":"kwiecień 2025"},{"id":536,"name":"BRŁO Brwhouse","altName":"","slug":"brlo-brwhouse","location":{"country":{"name":"Niemcy","symbol":"de","slug":"niemcy"},"coordinates":["13.373689","52.500190"],"city":{"name":"Berlin","translation":"","slug":"berlin","country":{"name":"Niemcy","symbol":"de","slug":"niemcy"},"breweries":11,"trips":2},"address":"Schöneberger Str. 16"},"date":"kwiecień 2025"},{"id":537,"name":"Minipivovar U Čápa","altName":"","slug":"minipivovar-u-capa","location":{"country":{"name":"Czechy","symbol":"cz","slug":"czechy"},"coordinates":["15.346508","50.739776"],"city":{"name":"Kořenov-Příchovice","translation":"","slug":"korenov-prichovice","country":{"name":"Czechy","symbol":"cz","slug":"czechy"},"breweries":1,"trips":1},"address":"Příchovice 1"},"date":"kwiecień 2025"},{"id":538,"name":"Minipivovar Na Perlíčku Prdek","altName":"","slug":"minipivovar-na-perlicku-prdek","location":{"country":{"name":"Czechy","symbol":"cz","slug":"czechy"},"coordinates":["15.377758","50.725117"],"city":{"name":"Paseky nad Jizerou","translation":"","slug":"paseky-nad-jizerou","country":{"name":"Czechy","symbol":"cz","slug":"czechy"},"breweries":1,"trips":1},"address":"Paseky nad Jizerou 222"},"date":"kwiecień 2025"},{"id":539,"name":"33 Brewing Experiment","altName":"","slug":"33-brewing-experiment","location":{"country":{"name":"Kanada","symbol":"ca","slug":"kanada"},"coordinates":["-123.105550","49.263955"],"city":{"name":"Vancouver","translation":"","slug":"vancouver","country":{"name":"Kanada","symbol":"ca","slug":"kanada"},"breweries":29,"trips":1},"address":"25 W 8th Ave"},"date":"maj 2025"},{"id":540,"name":"33 Acres Brewing Company","altName":"","slug":"33-acres-brewing-company","location":{"country":{"name":"Kanada","symbol":"ca","slug":"kanada"},"coordinates":["-123.105311","49.263929"],"city":{"name":"Vancouver","translation":"","slug":"vancouver","country":{"name":"Kanada","symbol":"ca","slug":"kanada"},"breweries":29,"trips":1},"address":"15 W 8th Ave"},"date":"maj 2025"},{"id":541,"name":"Electric Bicycle Brewing","altName":"","slug":"electric-bicycle-brewing","location":{"country":{"name":"Kanada","symbol":"ca","slug":"kanada"},"coordinates":["-123.104282","49.267267"],"city":{"name":"Vancouver","translation":"","slug":"vancouver","country":{"name":"Kanada","symbol":"ca","slug":"kanada"},"breweries":29,"trips":1},"address":"20 E 4th Ave"},"date":"maj 2025"},{"id":542,"name":"R&B Brewing","altName":"","slug":"rb-brewing","location":{"country":{"name":"Kanada","symbol":"ca","slug":"kanada"},"coordinates":["-123.103315","49.267213"],"city":{"name":"Vancouver","translation":"","slug":"vancouver","country":{"name":"Kanada","symbol":"ca","slug":"kanada"},"breweries":29,"trips":1},"address":"1-54 E 4th Ave"},"date":"maj 2025"},{"id":543,"name":"Faculty Brewing Co.","altName":"","slug":"faculty-brewing-co","location":{"country":{"name":"Kanada","symbol":"ca","slug":"kanada"},"coordinates":["-123.104495","49.268628"],"city":{"name":"Vancouver","translation":"","slug":"vancouver","country":{"name":"Kanada","symbol":"ca","slug":"kanada"},"breweries":29,"trips":1},"address":"1830 Ontario St"},"date":"maj 2025"},{"id":544,"name":"BREWHALL","altName":"","slug":"brewhall","location":{"country":{"name":"Kanada","symbol":"ca","slug":"kanada"},"coordinates":["-123.103532","49.269438"],"city":{"name":"Vancouver","translation":"","slug":"vancouver","country":{"name":"Kanada","symbol":"ca","slug":"kanada"},"breweries":29,"trips":1},"address":"97 E 2nd Ave"},"date":"maj 2025"},{"id":545,"name":"Red Truck Beer Company","altName":"","slug":"red-truck-beer-company","location":{"country":{"name":"Kanada","symbol":"ca","slug":"kanada"},"coordinates":["-123.096494","49.268888"],"city":{"name":"Vancouver","translation":"","slug":"vancouver","country":{"name":"Kanada","symbol":"ca","slug":"kanada"},"breweries":29,"trips":1},"address":"295 E 1st Ave"},"date":"maj 2025"},{"id":546,"name":"Brassneck Brewery","altName":"","slug":"brassneck-brewery","location":{"country":{"name":"Kanada","symbol":"ca","slug":"kanada"},"coordinates":["-123.100626","49.265750"],"city":{"name":"Vancouver","translation":"","slug":"vancouver","country":{"name":"Kanada","symbol":"ca","slug":"kanada"},"breweries":29,"trips":1},"address":"2148 Main St"},"date":"maj 2025"},{"id":547,"name":"Main Street Brewing Co.","altName":"","slug":"main-street-brewing-co","location":{"country":{"name":"Kanada","symbol":"ca","slug":"kanada"},"coordinates":["-123.099146","49.264701"],"city":{"name":"Vancouver","translation":"","slug":"vancouver","country":{"name":"Kanada","symbol":"ca","slug":"kanada"},"breweries":29,"trips":1},"address":"261 E 7th Ave"},"date":"maj 2025"},{"id":548,"name":"Stanley Park Brewing","altName":"","slug":"stanley-park-brewing","location":{"country":{"name":"Kanada","symbol":"ca","slug":"kanada"},"coordinates":["-123.146487","49.292312"],"city":{"name":"Vancouver","translation":"","slug":"vancouver","country":{"name":"Kanada","symbol":"ca","slug":"kanada"},"breweries":29,"trips":1},"address":"8901 Stanley Park Dr"},"date":"maj 2025"},{"id":549,"name":"Steamworks Brewing Company","altName":"","slug":"steamworks-brewing-company","location":{"country":{"name":"Kanada","symbol":"ca","slug":"kanada"},"coordinates":["-123.110750","49.285015"],"city":{"name":"Vancouver","translation":"","slug":"vancouver","country":{"name":"Kanada","symbol":"ca","slug":"kanada"},"breweries":29,"trips":1},"address":"375 Water St"},"date":"maj 2025"},{"id":550,"name":"Granville Island Brewing","altName":"","slug":"granville-island-brewing","location":{"country":{"name":"Kanada","symbol":"ca","slug":"kanada"},"coordinates":["-123.135649","49.270518"],"city":{"name":"Vancouver","translation":"","slug":"vancouver","country":{"name":"Kanada","symbol":"ca","slug":"kanada"},"breweries":29,"trips":1},"address":"1441 Cartwright St"},"date":"maj 2025"},{"id":551,"name":"Artisan SakeMaker","altName":"","slug":"artisan-sakemaker","location":{"country":{"name":"Kanada","symbol":"ca","slug":"kanada"},"coordinates":["-123.133781","49.270211"],"city":{"name":"Vancouver","translation":"","slug":"vancouver","country":{"name":"Kanada","symbol":"ca","slug":"kanada"},"breweries":29,"trips":1},"address":"1339 Railspur Alley"},"date":"maj 2025"},{"id":552,"name":"Strathcona Beer Company","altName":"","slug":"strathcona-beer-company","location":{"country":{"name":"Kanada","symbol":"ca","slug":"kanada"},"coordinates":["-123.085148","49.281268"],"city":{"name":"Vancouver","translation":"","slug":"vancouver","country":{"name":"Kanada","symbol":"ca","slug":"kanada"},"breweries":29,"trips":1},"address":"895 E Hastings St"},"date":"maj 2025"},{"id":553,"name":"Container Brewing","altName":"","slug":"container-brewing","location":{"country":{"name":"Kanada","symbol":"ca","slug":"kanada"},"coordinates":["-123.078759","49.282163"],"city":{"name":"Vancouver","translation":"","slug":"vancouver","country":{"name":"Kanada","symbol":"ca","slug":"kanada"},"breweries":29,"trips":1},"address":"1216 Franklin St"},"date":"maj 2025"},{"id":554,"name":"CowDog Brew Company","altName":"","slug":"cowdog-brew-company","location":{"country":{"name":"Kanada","symbol":"ca","slug":"kanada"},"coordinates":["-123.076271","49.281890"],"city":{"name":"Vancouver","translation":"","slug":"vancouver","country":{"name":"Kanada","symbol":"ca","slug":"kanada"},"breweries":29,"trips":1},"address":"1338 Franklin St"},"date":"maj 2025"},{"id":555,"name":"Superflux","altName":"","slug":"superflux","location":{"country":{"name":"Kanada","symbol":"ca","slug":"kanada"},"coordinates":["-123.077547","49.280151"],"city":{"name":"Vancouver","translation":"","slug":"vancouver","country":{"name":"Kanada","symbol":"ca","slug":"kanada"},"breweries":29,"trips":1},"address":"505 Clark Dr"},"date":"maj 2025"},{"id":556,"name":"Off The Rail Brewing","altName":"","slug":"off-the-rail-brewing","location":{"country":{"name":"Kanada","symbol":"ca","slug":"kanada"},"coordinates":["-123.076009","49.277813"],"city":{"name":"Vancouver","translation":"","slug":"vancouver","country":{"name":"Kanada","symbol":"ca","slug":"kanada"},"breweries":29,"trips":1},"address":"1351 Adanac St"},"date":"maj 2025"},{"id":557,"name":"Bomber Brewing","altName":"","slug":"bomber-brewing","location":{"country":{"name":"Kanada","symbol":"ca","slug":"kanada"},"coordinates":["-123.074590","49.277511"],"city":{"name":"Vancouver","translation":"","slug":"vancouver","country":{"name":"Kanada","symbol":"ca","slug":"kanada"},"breweries":29,"trips":1},"address":"1488 Adanac St"},"date":"maj 2025"},{"id":558,"name":"East Van Brewing Company","altName":"","slug":"east-van-brewing-company","location":{"country":{"name":"Kanada","symbol":"ca","slug":"kanada"},"coordinates":["-123.071127","49.276874"],"city":{"name":"Vancouver","translation":"","slug":"vancouver","country":{"name":"Kanada","symbol":"ca","slug":"kanada"},"breweries":29,"trips":1},"address":"1675 Venables St"},"date":"maj 2025"},{"id":559,"name":"Luppolo Brewing Co.","altName":"","slug":"luppolo-brewing-co","location":{"country":{"name":"Kanada","symbol":"ca","slug":"kanada"},"coordinates":["-123.080599","49.276907"],"city":{"name":"Vancouver","translation":"","slug":"vancouver","country":{"name":"Kanada","symbol":"ca","slug":"kanada"},"breweries":29,"trips":1},"address":"1123 Venables St"},"date":"maj 2025"},{"id":560,"name":"Strange Fellows Brewing","altName":"","slug":"strange-fellows-brewing","location":{"country":{"name":"Kanada","symbol":"ca","slug":"kanada"},"coordinates":["-123.077730","49.272491"],"city":{"name":"Vancouver","translation":"","slug":"vancouver","country":{"name":"Kanada","symbol":"ca","slug":"kanada"},"breweries":29,"trips":1},"address":"1345 Clark Dr"},"date":"maj 2025"},{"id":561,"name":"Terminal City Brewing","altName":"","slug":"terminal-city-brewing","location":{"country":{"name":"Kanada","symbol":"ca","slug":"kanada"},"coordinates":["-123.077103","49.270216"],"city":{"name":"Vancouver","translation":"","slug":"vancouver","country":{"name":"Kanada","symbol":"ca","slug":"kanada"},"breweries":29,"trips":1},"address":"1616 Clark Dr"},"date":"maj 2025"},{"id":562,"name":"La Cerveceria Astilleros","altName":"","slug":"la-cerveceria-astilleros","location":{"country":{"name":"Kanada","symbol":"ca","slug":"kanada"},"coordinates":["-123.075206","49.309530"],"city":{"name":"North Vancouver","translation":"","slug":"north-vancouver","country":{"name":"Kanada","symbol":"ca","slug":"kanada"},"breweries":8,"trips":1},"address":"226 Esplanade E"},"date":"maj 2025"},{"id":563,"name":"North Point Brewing Co.","altName":"","slug":"north-point-brewing-co","location":{"country":{"name":"Kanada","symbol":"ca","slug":"kanada"},"coordinates":["-123.072973","49.309678"],"city":{"name":"North Vancouver","translation":"","slug":"north-vancouver","country":{"name":"Kanada","symbol":"ca","slug":"kanada"},"breweries":8,"trips":1},"address":"266 1st St E"},"date":"maj 2025"},{"id":564,"name":"Beere Brewing Company","altName":"","slug":"beere-brewing-company","location":{"country":{"name":"Kanada","symbol":"ca","slug":"kanada"},"coordinates":["-123.072709","49.308342"],"city":{"name":"North Vancouver","translation":"","slug":"north-vancouver","country":{"name":"Kanada","symbol":"ca","slug":"kanada"},"breweries":8,"trips":1},"address":"312 Esplanade E"},"date":"maj 2025"},{"id":565,"name":"Shaketown Brewing","altName":"","slug":"shaketown-brewing","location":{"country":{"name":"Kanada","symbol":"ca","slug":"kanada"},"coordinates":["-123.073433","49.308739"],"city":{"name":"North Vancouver","translation":"","slug":"north-vancouver","country":{"name":"Kanada","symbol":"ca","slug":"kanada"},"breweries":8,"trips":1},"address":"288 Esplanade E"},"date":"maj 2025"},{"id":566,"name":"Braggot Brewing","altName":"","slug":"braggot-brewing","location":{"country":{"name":"Kanada","symbol":"ca","slug":"kanada"},"coordinates":["-123.070717","49.307468"],"city":{"name":"North Vancouver","translation":"","slug":"north-vancouver","country":{"name":"Kanada","symbol":"ca","slug":"kanada"},"breweries":8,"trips":1},"address":"370 Esplanade E"},"date":"maj 2025"},{"id":567,"name":"House of Pandemonium","altName":"","slug":"house-of-pandemonium","location":{"country":{"name":"Kanada","symbol":"ca","slug":"kanada"},"coordinates":["-123.071329","49.307714"],"city":{"name":"North Vancouver","translation":"","slug":"north-vancouver","country":{"name":"Kanada","symbol":"ca","slug":"kanada"},"breweries":8,"trips":1},"address":"350 Esplanade E"},"date":"maj 2025"},{"id":568,"name":"Streetcar Brewing","altName":"","slug":"streetcar-brewing","location":{"country":{"name":"Kanada","symbol":"ca","slug":"kanada"},"coordinates":["-123.077866","49.311417"],"city":{"name":"North Vancouver","translation":"","slug":"north-vancouver","country":{"name":"Kanada","symbol":"ca","slug":"kanada"},"breweries":8,"trips":1},"address":"123A 1st St E"},"date":"maj 2025"},{"id":569,"name":"Strathcona North","altName":"","slug":"strathcona-north","location":{"country":{"name":"Kanada","symbol":"ca","slug":"kanada"},"coordinates":["-123.082387","49.310034"],"city":{"name":"North Vancouver","translation":"","slug":"north-vancouver","country":{"name":"Kanada","symbol":"ca","slug":"kanada"},"breweries":8,"trips":1},"address":"123 Carrie Cates Ct #108"},"date":"maj 2025"},{"id":570,"name":"Yaletown Brewing Company","altName":"","slug":"yaletown-brewing-company","location":{"country":{"name":"Kanada","symbol":"ca","slug":"kanada"},"coordinates":["-123.120903","49.275589"],"city":{"name":"Vancouver","translation":"","slug":"vancouver","country":{"name":"Kanada","symbol":"ca","slug":"kanada"},"breweries":29,"trips":1},"address":"1111 Mainland St"},"date":"maj 2025"},{"id":571,"name":"Parallel 49 Brewing Company","altName":"","slug":"parallel-49-brewing-company","location":{"country":{"name":"Kanada","symbol":"ca","slug":"kanada"},"coordinates":["-123.064390","49.283772"],"city":{"name":"Vancouver","translation":"","slug":"vancouver","country":{"name":"Kanada","symbol":"ca","slug":"kanada"},"breweries":29,"trips":1},"address":"1950 Triumph St"},"date":"maj 2025"},{"id":572,"name":"Storm Brewing","altName":"","slug":"storm-brewing","location":{"country":{"name":"Kanada","symbol":"ca","slug":"kanada"},"coordinates":["-123.070135","49.282009"],"city":{"name":"Vancouver","translation":"","slug":"vancouver","country":{"name":"Kanada","symbol":"ca","slug":"kanada"},"breweries":29,"trips":1},"address":"310 Commercial Dr"},"date":"maj 2025"},{"id":573,"name":"Slow Hand Beer Company","altName":"","slug":"slow-hand-beer-company","location":{"country":{"name":"Kanada","symbol":"ca","slug":"kanada"},"coordinates":["-123.073657","49.283422"],"city":{"name":"Vancouver","translation":"","slug":"vancouver","country":{"name":"Kanada","symbol":"ca","slug":"kanada"},"breweries":29,"trips":1},"address":"1507 Powell St"},"date":"maj 2025"},{"id":574,"name":"Powell Street Craft Brewery","altName":"","slug":"powell-street-craft-brewery","location":{"country":{"name":"Kanada","symbol":"ca","slug":"kanada"},"coordinates":["-123.075758","49.283365"],"city":{"name":"Vancouver","translation":"","slug":"vancouver","country":{"name":"Kanada","symbol":"ca","slug":"kanada"},"breweries":29,"trips":1},"address":"1357 Powell St"},"date":"maj 2025"},{"id":575,"name":"Brewing August","altName":"","slug":"brewing-august","location":{"country":{"name":"Kanada","symbol":"ca","slug":"kanada"},"coordinates":["-123.141312","49.268670"],"city":{"name":"Vancouver","translation":"","slug":"vancouver","country":{"name":"Kanada","symbol":"ca","slug":"kanada"},"breweries":29,"trips":1},"address":"1614 W 3rd Ave"},"date":"maj 2025"},{"id":576,"name":"Nowy Browar Gdański","altName":"","slug":"nowy-browar-gdanski","location":{"country":{"name":"Polska","symbol":"pl","slug":"polska"},"coordinates":["18.607823","54.383248"],"city":{"name":"Gdańsk","translation":"","slug":"gdansk","country":{"name":"Polska","symbol":"pl","slug":"polska"},"breweries":6,"trips":3},"address":"Jana Kilińskiego 7E"},"date":"lipiec 2025"},{"id":577,"name":"Browar Restauracyjny Sami Swoi","altName":"","slug":"browar-restauracyjny-sami-swoi","location":{"country":{"name":"Polska","symbol":"pl","slug":"polska"},"coordinates":["19.720910","51.964876"],"city":{"name":"Główno","translation":"","slug":"glowno","country":{"name":"Polska","symbol":"pl","slug":"polska"},"breweries":1,"trips":1},"address":"plac Wolności 11\/13"},"date":"lipiec 2025"},{"id":578,"name":"Browar Bednary","altName":"","slug":"browar-bednary","location":{"country":{"name":"Polska","symbol":"pl","slug":"polska"},"coordinates":["20.047980","52.112783"],"city":{"name":"Bednary","translation":"","slug":"bednary","country":{"name":"Polska","symbol":"pl","slug":"polska"},"breweries":1,"trips":1},"address":"Zachodnia 6"},"date":"lipiec 2025"},{"id":579,"name":"Browar Socho","altName":"","slug":"browar-socho","location":{"country":{"name":"Polska","symbol":"pl","slug":"polska"},"coordinates":["20.302562","52.231510"],"city":{"name":"Sochaczew","translation":"","slug":"sochaczew","country":{"name":"Polska","symbol":"pl","slug":"polska"},"breweries":1,"trips":1},"address":"Kożuszki-Parcel 61F"},"date":"lipiec 2025"},{"id":580,"name":"Browar Mikołajki","altName":"","slug":"browar-mikolajki","location":{"country":{"name":"Polska","symbol":"pl","slug":"polska"},"coordinates":["21.540160","53.847378"],"city":{"name":"Stare Sady","translation":"","slug":"stare-sady","country":{"name":"Polska","symbol":"pl","slug":"polska"},"breweries":1,"trips":1},"address":"Stare Sady 12"},"date":"lipiec 2025"},{"id":581,"name":"Browar Kormoran","altName":"","slug":"browar-kormoran","location":{"country":{"name":"Polska","symbol":"pl","slug":"polska"},"coordinates":["20.485069","53.762241"],"city":{"name":"Olsztyn","translation":"","slug":"olsztyn","country":{"name":"Polska","symbol":"pl","slug":"polska"},"breweries":4,"trips":1},"address":"Aleja Generała Władysława Sikorskiego 2"},"date":"lipiec 2025"},{"id":582,"name":"Browar Miejski Olsztyn","altName":"","slug":"browar-miejski-olsztyn","location":{"country":{"name":"Polska","symbol":"pl","slug":"polska"},"coordinates":["20.475603","53.776753"],"city":{"name":"Olsztyn","translation":"","slug":"olsztyn","country":{"name":"Polska","symbol":"pl","slug":"polska"},"breweries":4,"trips":1},"address":"Stare Miasto 29\/32"},"date":"lipiec 2025"},{"id":583,"name":"Browar Warmia","altName":"","slug":"browar-warmia","location":{"country":{"name":"Polska","symbol":"pl","slug":"polska"},"coordinates":["20.474452","53.778709"],"city":{"name":"Olsztyn","translation":"","slug":"olsztyn","country":{"name":"Polska","symbol":"pl","slug":"polska"},"breweries":4,"trips":1},"address":"Feliksa Nowowiejskiego 15"},"date":"lipiec 2025"},{"id":584,"name":"Browar Ukiel","altName":"","slug":"browar-ukiel","location":{"country":{"name":"Polska","symbol":"pl","slug":"polska"},"coordinates":["20.401618","53.803302"],"city":{"name":"Olsztyn","translation":"","slug":"olsztyn","country":{"name":"Polska","symbol":"pl","slug":"polska"},"breweries":4,"trips":1},"address":"Żurawia 81"},"date":"lipiec 2025"},{"id":585,"name":"Mazurski Browar","altName":"","slug":"mazurski-browar","location":{"country":{"name":"Polska","symbol":"pl","slug":"polska"},"coordinates":["22.380276","53.816500"],"city":{"name":"Ełk","translation":"","slug":"elk","country":{"name":"Polska","symbol":"pl","slug":"polska"},"breweries":1,"trips":1},"address":"Okrężna 4A"},"date":"lipiec 2025"},{"id":586,"name":"Browar Północny","altName":"","slug":"browar-polnocny","location":{"country":{"name":"Polska","symbol":"pl","slug":"polska"},"coordinates":["22.932236","54.104065"],"city":{"name":"Suwałki","translation":"","slug":"suwalki","country":{"name":"Polska","symbol":"pl","slug":"polska"},"breweries":1,"trips":1},"address":"Teofila Noniewicza 42\/lok. 1"},"date":"lipiec 2025"},{"id":587,"name":"Būsi trečias","altName":"","slug":"busi-trecias","location":{"country":{"name":"Litwa","symbol":"lt","slug":"litwa"},"coordinates":["25.282545","54.684561"],"city":{"name":"Vilnius","translation":"Wilno","slug":"vilnius","country":{"name":"Litwa","symbol":"lt","slug":"litwa"},"breweries":2,"trips":1},"address":"Totorių g. 18"},"date":"lipiec 2025"},{"id":588,"name":"Craft & Draft Brewpub","altName":"","slug":"craft-draft-brewpub","location":{"country":{"name":"Litwa","symbol":"lt","slug":"litwa"},"coordinates":["25.283350","54.686580"],"city":{"name":"Vilnius","translation":"Wilno","slug":"vilnius","country":{"name":"Litwa","symbol":"lt","slug":"litwa"},"breweries":2,"trips":1},"address":"Gedimino pr. 5"},"date":"lipiec 2025"},{"id":589,"name":"Browar Łomża","altName":"","slug":"browar-lomza","location":{"country":{"name":"Polska","symbol":"pl","slug":"polska"},"coordinates":["22.035235","53.162183"],"city":{"name":"Łomża","translation":"","slug":"lomza","country":{"name":"Polska","symbol":"pl","slug":"polska"},"breweries":1,"trips":1},"address":"Poznańska 121"},"date":"lipiec 2025"},{"id":590,"name":"Browar Podborze","altName":"","slug":"browar-podborze","location":{"country":{"name":"Polska","symbol":"pl","slug":"polska"},"coordinates":["21.929215","52.821428"],"city":{"name":"Podborze","translation":"","slug":"podborze","country":{"name":"Polska","symbol":"pl","slug":"polska"},"breweries":1,"trips":1},"address":"Zambrowska 43"},"date":"lipiec 2025"},{"id":591,"name":"Browar Jabeerwocky","altName":"","slug":"browar-jabeerwocky","location":{"country":{"name":"Polska","symbol":"pl","slug":"polska"},"coordinates":["20.741372","52.191307"],"city":{"name":"Domaniewek","translation":"","slug":"domaniewek","country":{"name":"Polska","symbol":"pl","slug":"polska"},"breweries":1,"trips":1},"address":"Starego Browarnika 2"},"date":"lipiec 2025"},{"id":592,"name":"Browar Wołów","altName":"","slug":"browar-wolow","location":{"country":{"name":"Polska","symbol":"pl","slug":"polska"},"coordinates":["16.633419","51.332501"],"city":{"name":"Wołów","translation":"","slug":"wolow","country":{"name":"Polska","symbol":"pl","slug":"polska"},"breweries":1,"trips":1},"address":"Leśna 2"},"date":"sierpień 2025"},{"id":593,"name":"을지맥옥","altName":"Euljiro Brewing","slug":"euljimaegog","location":{"country":{"name":"Korea Południowa","symbol":"kr","slug":"korea-poludniowa"},"coordinates":["126.990717","37.565453"],"city":{"name":"서울","translation":"Seul","slug":"seoul","country":{"name":"Korea Południowa","symbol":"kr","slug":"korea-poludniowa"},"breweries":4,"trips":1},"address":"48-16 Supyo-ro, Euljiro 3(sam)-ga, Jung District"},"date":"wrzesień 2025"},{"id":594,"name":"느린마을양조장 홍대점 요리주점","altName":"Hongdae Pub Hong’s Makgeolli Brewery","slug":"neurinmaeulyangjojang-hongdaejeom-yorijujeom","location":{"country":{"name":"Korea Południowa","symbol":"kr","slug":"korea-poludniowa"},"coordinates":["126.921832","37.554016"],"city":{"name":"서울","translation":"Seul","slug":"seoul","country":{"name":"Korea Południowa","symbol":"kr","slug":"korea-poludniowa"},"breweries":4,"trips":1},"address":"14 Hongik-ro 5an-gil, Mapo-gu"},"date":"wrzesień 2025"},{"id":595,"name":"서울브루어리 합정","altName":"Seoul Brewery","slug":"seoulbeurueori-habjeong","location":{"country":{"name":"Korea Południowa","symbol":"kr","slug":"korea-poludniowa"},"coordinates":["126.914604","37.545925"],"city":{"name":"서울","translation":"Seul","slug":"seoul","country":{"name":"Korea Południowa","symbol":"kr","slug":"korea-poludniowa"},"breweries":4,"trips":1},"address":"10 Tojeong-ro 3an-gil, Mapo-gu"},"date":"wrzesień 2025"},{"id":596,"name":"Ape Brewing","altName":"","slug":"ape-brewing","location":{"country":{"name":"Japonia","symbol":"jp","slug":"japonia"},"coordinates":["135.505739","34.686420"],"city":{"name":"大阪市","translation":"Osaka","slug":"osaka","country":{"name":"Japonia","symbol":"jp","slug":"japonia"},"breweries":7,"trips":1},"address":"Chuo Ward, Kawaramachi, 2 Chome−1−15 瓦町大都ビル １F"},"date":"wrzesień 2025"},{"id":597,"name":"ブリューパブ テタールヴァレ","altName":"Brewpub Têtard Vallée","slug":"buriyupabu-tetaruvuare","location":{"country":{"name":"Japonia","symbol":"jp","slug":"japonia"},"coordinates":["135.516696","34.685999"],"city":{"name":"大阪市","translation":"Osaka","slug":"osaka","country":{"name":"Japonia","symbol":"jp","slug":"japonia"},"breweries":7,"trips":1},"address":"Chuo Ward, Otedori, 1 Chome−1−2 アトランティス２１ 1F"},"date":"wrzesień 2025"},{"id":598,"name":"Craftman Umami","altName":"","slug":"craftman-umami","location":{"country":{"name":"Japonia","symbol":"jp","slug":"japonia"},"coordinates":["135.501396","34.706364"],"city":{"name":"大阪市","translation":"Osaka","slug":"osaka","country":{"name":"Japonia","symbol":"jp","slug":"japonia"},"breweries":7,"trips":1},"address":"2 Chome-4-25 Nakazakinishi, Kita Ward"},"date":"wrzesień 2025"},{"id":599,"name":"Craft Beer Base Mother Tree","altName":"","slug":"craft-beer-base-mother-tree","location":{"country":{"name":"Japonia","symbol":"jp","slug":"japonia"},"coordinates":["135.487901","34.704972"],"city":{"name":"大阪市","translation":"Osaka","slug":"osaka","country":{"name":"Japonia","symbol":"jp","slug":"japonia"},"breweries":7,"trips":1},"address":"1 Chome-13-13 Oyodonaka, Kita Ward"},"date":"wrzesień 2025"},{"id":600,"name":"道頓堀ビール","altName":"Dōtonbori Beer","slug":"dao-dun-ku-biru","location":{"country":{"name":"Japonia","symbol":"jp","slug":"japonia"},"coordinates":["135.500999","34.668482"],"city":{"name":"大阪市","translation":"Osaka","slug":"osaka","country":{"name":"Japonia","symbol":"jp","slug":"japonia"},"breweries":7,"trips":1},"address":"Chuo Ward, Dotonbori, 1 Chome−9−19 大阪松竹座 B2階"},"date":"wrzesień 2025"},{"id":601,"name":"「バク 堀江醸造局＆タップルーム」","altName":"Bak Horie Brewing Studio","slug":"baku-ku-jiang-niang-zao-ju-tatsupurumu","location":{"country":{"name":"Japonia","symbol":"jp","slug":"japonia"},"coordinates":["135.492184","34.674118"],"city":{"name":"大阪市","translation":"Osaka","slug":"osaka","country":{"name":"Japonia","symbol":"jp","slug":"japonia"},"breweries":7,"trips":1},"address":"2 Chome-7-1 Kitahorie, Nishi Ward"},"date":"wrzesień 2025"},{"id":602,"name":"今西清兵衛商店","altName":"Harushika Sake Brewery","slug":"jin-xi-qing-bing-wei-shang-dian","location":{"country":{"name":"Japonia","symbol":"jp","slug":"japonia"},"coordinates":["135.834340","34.677013"],"city":{"name":"奈良市","translation":"Nara","slug":"nara","country":{"name":"Japonia","symbol":"jp","slug":"japonia"},"breweries":3,"trips":1},"address":"24-1 Fukuchiincho"},"date":"wrzesień 2025"},{"id":603,"name":"なら麦酒ならまち醸造所","altName":"Naramachi Brewery","slug":"naramai-jiu-naramachiniang-zao-suo","location":{"country":{"name":"Japonia","symbol":"jp","slug":"japonia"},"coordinates":["135.833621","34.675547"],"city":{"name":"奈良市","translation":"Nara","slug":"nara","country":{"name":"Japonia","symbol":"jp","slug":"japonia"},"breweries":3,"trips":1},"address":"956-2 Kideracho"},"date":"wrzesień 2025"},{"id":604,"name":"大和醸造","altName":"Yamato Brewery","slug":"da-he-niang-zao","location":{"country":{"name":"Japonia","symbol":"jp","slug":"japonia"},"coordinates":["135.828843","34.683862"],"city":{"name":"奈良市","translation":"Nara","slug":"nara","country":{"name":"Japonia","symbol":"jp","slug":"japonia"},"breweries":3,"trips":1},"address":"Higashimuki Nakamachi, 6 奈良県経済倶楽部ビル 1F"},"date":"wrzesień 2025"},{"id":605,"name":"ニューミュンヘン","altName":"Nyū Myunhen\/New München","slug":"niyumiyunhen","location":{"country":{"name":"Japonia","symbol":"jp","slug":"japonia"},"coordinates":["135.191863","34.690614"],"city":{"name":"神戸市","translation":"Kobe","slug":"kobe","country":{"name":"Japonia","symbol":"jp","slug":"japonia"},"breweries":1,"trips":1},"address":"2 Chome-5-18 Sannomiyacho, Chuo Ward"},"date":"wrzesień 2025"},{"id":606,"name":"ブリューパブ センターポイント","altName":"Centerpoint","slug":"buriyupabu-sentapointo","location":{"country":{"name":"Japonia","symbol":"jp","slug":"japonia"},"coordinates":["135.507175","34.709505"],"city":{"name":"大阪市","translation":"Osaka","slug":"osaka","country":{"name":"Japonia","symbol":"jp","slug":"japonia"},"breweries":7,"trips":1},"address":"2 Chome-5-8 Ukida, Kita Ward"},"date":"wrzesień 2025"},{"id":607,"name":"Hiroshima Neighborly Brewing","altName":"","slug":"hiroshima-neighborly-brewing","location":{"country":{"name":"Japonia","symbol":"jp","slug":"japonia"},"coordinates":["132.455627","34.394149"],"city":{"name":"広島市","translation":"Hiroszima","slug":"hiroszima","country":{"name":"Japonia","symbol":"jp","slug":"japonia"},"breweries":2,"trips":1},"address":"1 Chome-5-10 Otemachi, Naka Ward"},"date":"wrzesień 2025"},{"id":608,"name":"ケンビーズブリューパブ","altName":"KeMBY'S Brew Pub","slug":"kenbizuburiyupabu","location":{"country":{"name":"Japonia","symbol":"jp","slug":"japonia"},"coordinates":["132.455175","34.391485"],"city":{"name":"広島市","translation":"Hiroszima","slug":"hiroszima","country":{"name":"Japonia","symbol":"jp","slug":"japonia"},"breweries":2,"trips":1},"address":"2 Chome-9-13 Otemachi, Naka Ward"},"date":"wrzesień 2025"},{"id":609,"name":"京都醸造","altName":"Kyoto Brewing Co.","slug":"jing-du-niang-zao","location":{"country":{"name":"Japonia","symbol":"jp","slug":"japonia"},"coordinates":["135.743755","34.974809"],"city":{"name":"京都市","translation":"Kioto","slug":"kioto","country":{"name":"Japonia","symbol":"jp","slug":"japonia"},"breweries":5,"trips":1},"address":"25-1 Nishikujo Takahatacho, Minami Ward"},"date":"wrzesień 2025"},{"id":610,"name":"KBL THE GARAGE","altName":"","slug":"kbl-the-garage","location":{"country":{"name":"Japonia","symbol":"jp","slug":"japonia"},"coordinates":["135.739907","34.990654"],"city":{"name":"京都市","translation":"Kioto","slug":"kioto","country":{"name":"Japonia","symbol":"jp","slug":"japonia"},"breweries":5,"trips":1},"address":"27-2 Sujakuhozocho, Shimogyo Ward"},"date":"wrzesień 2025"},{"id":611,"name":"京都ビアラボ","altName":"Kyoto Beer Lab","slug":"jing-du-biarabo","location":{"country":{"name":"Japonia","symbol":"jp","slug":"japonia"},"coordinates":["135.765694","34.990667"],"city":{"name":"京都市","translation":"Kioto","slug":"kioto","country":{"name":"Japonia","symbol":"jp","slug":"japonia"},"breweries":5,"trips":1},"address":"201-3 Juzenjicho, Shimogyo Ward"},"date":"wrzesień 2025"},{"id":612,"name":"スプリングバレーブルワリー 京都","altName":"Spring Valley Brewery Kyoto","slug":"supuringubareburuwari-jing-du","location":{"country":{"name":"Japonia","symbol":"jp","slug":"japonia"},"coordinates":["135.764816","35.005497"],"city":{"name":"京都市","translation":"Kioto","slug":"kioto","country":{"name":"Japonia","symbol":"jp","slug":"japonia"},"breweries":5,"trips":1},"address":"Nakagyo Ward, 富小路通587-2"},"date":"wrzesień 2025"},{"id":613,"name":"京都嵐山ブルワリー 三条醸造所","altName":"Kyoto Arashiyama Brewery Sanjō","slug":"jing-du-lan-shan-buruwari-san-tiao-niang-zao-suo","location":{"country":{"name":"Japonia","symbol":"jp","slug":"japonia"},"coordinates":["135.769395","35.009365"],"city":{"name":"京都市","translation":"Kioto","slug":"kioto","country":{"name":"Japonia","symbol":"jp","slug":"japonia"},"breweries":5,"trips":1},"address":"Nakagyo Ward, Ebisucho, 534-33 ＡＩＲＰＯＲＴ ＢＬＤ． 1階"},"date":"wrzesień 2025"},{"id":614,"name":"미스터리브루잉컴퍼니","altName":"MysterLee Brewing Co.","slug":"miseuteoribeuruingkeompeoni","location":{"country":{"name":"Korea Południowa","symbol":"kr","slug":"korea-poludniowa"},"coordinates":["126.947314","37.544151"],"city":{"name":"서울","translation":"Seul","slug":"seoul","country":{"name":"Korea Południowa","symbol":"kr","slug":"korea-poludniowa"},"breweries":4,"trips":1},"address":"311 Dongmak-ro, Mapo-gu"},"date":"wrzesień 2025"},{"id":615,"name":"Kanpai London Sake Brewery","altName":"","slug":"kanpai-london-sake-brewery","location":{"country":{"name":"Wielka Brytania","symbol":"gb","slug":"wielka-brytania"},"coordinates":["-0.076973","51.500566"],"city":{"name":"London","translation":"Londyn","slug":"london","country":{"name":"Wielka Brytania","symbol":"gb","slug":"wielka-brytania"},"breweries":44,"trips":3},"address":"48 Druid St"},"date":"wrzesień 2025"},{"id":616,"name":"Against The Grain","altName":"","slug":"against-the-grain","location":{"country":{"name":"Wielka Brytania","symbol":"gb","slug":"wielka-brytania"},"coordinates":["-0.072320","51.497615"],"city":{"name":"London","translation":"Londyn","slug":"london","country":{"name":"Wielka Brytania","symbol":"gb","slug":"wielka-brytania"},"breweries":44,"trips":3},"address":"76 Enid St"},"date":"wrzesień 2025"},{"id":617,"name":"Mash Paddle Brewery","altName":"","slug":"mash-paddle-brewery","location":{"country":{"name":"Wielka Brytania","symbol":"gb","slug":"wielka-brytania"},"coordinates":["-0.070983","51.496942"],"city":{"name":"London","translation":"Londyn","slug":"london","country":{"name":"Wielka Brytania","symbol":"gb","slug":"wielka-brytania"},"breweries":44,"trips":3},"address":"Railway Arch, 92 Enid St"},"date":"wrzesień 2025"},{"id":618,"name":"German Kraft Mayfair","altName":"","slug":"german-kraft-mayfair","location":{"country":{"name":"Wielka Brytania","symbol":"gb","slug":"wielka-brytania"},"coordinates":["-0.152875","51.513170"],"city":{"name":"London","translation":"Londyn","slug":"london","country":{"name":"Wielka Brytania","symbol":"gb","slug":"wielka-brytania"},"breweries":44,"trips":3},"address":"St. Mark's Church, N Audley St"},"date":"wrzesień 2025"},{"id":619,"name":"Battersea Brewery","altName":"","slug":"battersea-brewery","location":{"country":{"name":"Wielka Brytania","symbol":"gb","slug":"wielka-brytania"},"coordinates":["-0.146883","51.482761"],"city":{"name":"London","translation":"Londyn","slug":"london","country":{"name":"Wielka Brytania","symbol":"gb","slug":"wielka-brytania"},"breweries":44,"trips":3},"address":"St. Mark's Church, N Audley St"},"date":"wrzesień 2025"},{"id":620,"name":"Mondo Brewing Company","altName":"","slug":"mondo-brewing-company","location":{"country":{"name":"Wielka Brytania","symbol":"gb","slug":"wielka-brytania"},"coordinates":["-0.140297","51.474656"],"city":{"name":"London","translation":"Londyn","slug":"london","country":{"name":"Wielka Brytania","symbol":"gb","slug":"wielka-brytania"},"breweries":44,"trips":3},"address":"86 Stewart's Rd, Nine Elms"},"date":"wrzesień 2025"},{"id":621,"name":"Distortion Brewing Company","altName":"","slug":"distortion-brewing-company","location":{"country":{"name":"Wielka Brytania","symbol":"gb","slug":"wielka-brytania"},"coordinates":["-0.139275","51.470710"],"city":{"name":"London","translation":"Londyn","slug":"london","country":{"name":"Wielka Brytania","symbol":"gb","slug":"wielka-brytania"},"breweries":44,"trips":3},"address":"647 Portslade Rd, Nine Elms"},"date":"wrzesień 2025"},{"id":622,"name":"Bullfinch Brewery","altName":"","slug":"bullfinch-brewery","location":{"country":{"name":"Wielka Brytania","symbol":"gb","slug":"wielka-brytania"},"coordinates":["-0.101547","51.448196"],"city":{"name":"London","translation":"Londyn","slug":"london","country":{"name":"Wielka Brytania","symbol":"gb","slug":"wielka-brytania"},"breweries":44,"trips":3},"address":"Rosendale Rd, Norwood"},"date":"wrzesień 2025"},{"id":623,"name":"Bird House Brewery","altName":"","slug":"bird-house-brewery","location":{"country":{"name":"Wielka Brytania","symbol":"gb","slug":"wielka-brytania"},"coordinates":["-0.101023","51.452057"],"city":{"name":"London","translation":"Londyn","slug":"london","country":{"name":"Wielka Brytania","symbol":"gb","slug":"wielka-brytania"},"breweries":44,"trips":3},"address":"Arch 1127, Bath Factory Estate, 41 Norwood Rd"},"date":"wrzesień 2025"},{"id":624,"name":"Clarkshaws Brewery & Taproom","altName":"","slug":"clarkshaws-brewery-taproom","location":{"country":{"name":"Wielka Brytania","symbol":"gb","slug":"wielka-brytania"},"coordinates":["-0.103467","51.465653"],"city":{"name":"London","translation":"Londyn","slug":"london","country":{"name":"Wielka Brytania","symbol":"gb","slug":"wielka-brytania"},"breweries":44,"trips":3},"address":"497 Ridgway Rd"},"date":"wrzesień 2025"},{"id":625,"name":"Supercute Brewhouse","altName":"","slug":"supercute-brewhouse","location":{"country":{"name":"Wielka Brytania","symbol":"gb","slug":"wielka-brytania"},"coordinates":["-0.103088","51.464748"],"city":{"name":"London","translation":"Londyn","slug":"london","country":{"name":"Wielka Brytania","symbol":"gb","slug":"wielka-brytania"},"breweries":44,"trips":3},"address":"Unit G1, Coldharbour Works, 245a Coldharbour Ln"},"date":"wrzesień 2025"},{"id":626,"name":"Brixton Brewery Tap Room","altName":"","slug":"brixton-brewery-tap-room","location":{"country":{"name":"Wielka Brytania","symbol":"gb","slug":"wielka-brytania"},"coordinates":["-0.109341","51.463512"],"city":{"name":"London","translation":"Londyn","slug":"london","country":{"name":"Wielka Brytania","symbol":"gb","slug":"wielka-brytania"},"breweries":44,"trips":3},"address":"Arch 548 Brixton Station Rd"},"date":"wrzesień 2025"},{"id":627,"name":"London Beer Lab Nano Brewery","altName":"","slug":"london-beer-lab-nano-brewery","location":{"country":{"name":"Wielka Brytania","symbol":"gb","slug":"wielka-brytania"},"coordinates":["-0.116250","51.463379"],"city":{"name":"London","translation":"Londyn","slug":"london","country":{"name":"Wielka Brytania","symbol":"gb","slug":"wielka-brytania"},"breweries":44,"trips":3},"address":"Arch 41, Railway Arches, Nursery Rd"},"date":"wrzesień 2025"},{"id":628,"name":"Browar Fortuna","altName":"","slug":"browar-fortuna","location":{"country":{"name":"Polska","symbol":"pl","slug":"polska"},"coordinates":["17.489147","52.205399"],"city":{"name":"Miłosław","translation":"","slug":"miloslaw","country":{"name":"Polska","symbol":"pl","slug":"polska"},"breweries":1,"trips":1},"address":"Wrzesińska 24"},"date":"październik 2025"},{"id":629,"name":"Browar Gzub","altName":"","slug":"browar-gzub","location":{"country":{"name":"Polska","symbol":"pl","slug":"polska"},"coordinates":["17.200507","52.208347"],"city":{"name":"Annopole","translation":"","slug":"annopole","country":{"name":"Polska","symbol":"pl","slug":"polska"},"breweries":1,"trips":1},"address":"Annopole 9a"},"date":"październik 2025"},{"id":630,"name":"Browar Bojanowo","altName":"","slug":"browar-bojanowo","location":{"country":{"name":"Polska","symbol":"pl","slug":"polska"},"coordinates":["16.747033","51.709076"],"city":{"name":"Bojanowo","translation":"","slug":"bojanowo","country":{"name":"Polska","symbol":"pl","slug":"polska"},"breweries":1,"trips":1},"address":"Browarowa 2"},"date":"październik 2025"},{"id":631,"name":"San Francisco Brewing Co.","altName":"","slug":"san-francisco-brewing-co","location":{"country":{"name":"Stany Zjednoczone","symbol":"us","slug":"stany-zjednoczone"},"coordinates":["-122.423589","37.805575"],"city":{"name":"San Francisco","translation":"","slug":"san-francisco","country":{"name":"Stany Zjednoczone","symbol":"us","slug":"stany-zjednoczone"},"breweries":9,"trips":1},"address":"3150 Polk St"},"date":"październik 2025"},{"id":632,"name":"Bartlett Hall","altName":"","slug":"bartlett-hall","location":{"country":{"name":"Stany Zjednoczone","symbol":"us","slug":"stany-zjednoczone"},"coordinates":["-122.408778","37.786612"],"city":{"name":"San Francisco","translation":"","slug":"san-francisco","country":{"name":"Stany Zjednoczone","symbol":"us","slug":"stany-zjednoczone"},"breweries":9,"trips":1},"address":"242 O'Farrell St"},"date":"październik 2025"},{"id":633,"name":"Black Hammer Brewing Company","altName":"","slug":"black-hammer-brewing-company","location":{"country":{"name":"Stany Zjednoczone","symbol":"us","slug":"stany-zjednoczone"},"coordinates":["-122.397006","37.780661"],"city":{"name":"San Francisco","translation":"","slug":"san-francisco","country":{"name":"Stany Zjednoczone","symbol":"us","slug":"stany-zjednoczone"},"breweries":9,"trips":1},"address":"544 Bryant St"},"date":"październik 2025"},{"id":634,"name":"Otherwise Brewing","altName":"","slug":"otherwise-brewing","location":{"country":{"name":"Stany Zjednoczone","symbol":"us","slug":"stany-zjednoczone"},"coordinates":["-122.407341","37.799905"],"city":{"name":"San Francisco","translation":"","slug":"san-francisco","country":{"name":"Stany Zjednoczone","symbol":"us","slug":"stany-zjednoczone"},"breweries":9,"trips":1},"address":"1402 Grant Ave"},"date":"październik 2025"},{"id":635,"name":"Beach Chalet Brewery","altName":"","slug":"beach-chalet-brewery","location":{"country":{"name":"Stany Zjednoczone","symbol":"us","slug":"stany-zjednoczone"},"coordinates":["-122.510217","37.769454"],"city":{"name":"San Francisco","translation":"","slug":"san-francisco","country":{"name":"Stany Zjednoczone","symbol":"us","slug":"stany-zjednoczone"},"breweries":9,"trips":1},"address":"1000 Great Hwy"},"date":"październik 2025"},{"id":636,"name":"Enterprise Brewing Co","altName":"","slug":"enterprise-brewing-co","location":{"country":{"name":"Stany Zjednoczone","symbol":"us","slug":"stany-zjednoczone"},"coordinates":["-122.410807","37.777222"],"city":{"name":"San Francisco","translation":"","slug":"san-francisco","country":{"name":"Stany Zjednoczone","symbol":"us","slug":"stany-zjednoczone"},"breweries":9,"trips":1},"address":"1150 Howard St"},"date":"październik 2025"},{"id":637,"name":"Standard Deviant Brewing","altName":"","slug":"standard-deviant-brewing","location":{"country":{"name":"Stany Zjednoczone","symbol":"us","slug":"stany-zjednoczone"},"coordinates":["-122.419485","37.768439"],"city":{"name":"San Francisco","translation":"","slug":"san-francisco","country":{"name":"Stany Zjednoczone","symbol":"us","slug":"stany-zjednoczone"},"breweries":9,"trips":1},"address":"280 14th St"},"date":"październik 2025"},{"id":638,"name":"Woods Cervecería","altName":"","slug":"woods-cerveceria","location":{"country":{"name":"Stany Zjednoczone","symbol":"us","slug":"stany-zjednoczone"},"coordinates":["-122.428542","37.761104"],"city":{"name":"San Francisco","translation":"","slug":"san-francisco","country":{"name":"Stany Zjednoczone","symbol":"us","slug":"stany-zjednoczone"},"breweries":9,"trips":1},"address":"3801 18th St"},"date":"październik 2025"},{"id":639,"name":"Southern Pacific Brewing","altName":"","slug":"southern-pacific-brewing","location":{"country":{"name":"Stany Zjednoczone","symbol":"us","slug":"stany-zjednoczone"},"coordinates":["-122.414218","37.760104"],"city":{"name":"San Francisco","translation":"","slug":"san-francisco","country":{"name":"Stany Zjednoczone","symbol":"us","slug":"stany-zjednoczone"},"breweries":9,"trips":1},"address":"620 Treat Ave"},"date":"październik 2025"},{"id":640,"name":"Fermentage","altName":"","slug":"fermentage","location":{"country":{"name":"Portugalia","symbol":"pt","slug":"portugalia"},"coordinates":["-9.104292","38.738919"],"city":{"name":"Lisboa","translation":"Lizbona","slug":"lisboa","country":{"name":"Portugalia","symbol":"pt","slug":"portugalia"},"breweries":2,"trips":1},"address":"R. Cap. Leitão 1B"},"date":"listopad 2025"},{"id":641,"name":"LX Brewery","altName":"","slug":"lx-brewery","location":{"country":{"name":"Portugalia","symbol":"pt","slug":"portugalia"},"coordinates":["-9.140486","38.734023"],"city":{"name":"Lisboa","translation":"Lizbona","slug":"lisboa","country":{"name":"Portugalia","symbol":"pt","slug":"portugalia"},"breweries":2,"trips":1},"address":"R. do Funchal n5"},"date":"listopad 2025"},{"id":642,"name":"Nealkoholický pivovar Nilio","altName":"","slug":"nealkoholicky-pivovar-nilio","location":{"country":{"name":"Słowacja","symbol":"sk","slug":"slowacja"},"coordinates":["19.627133","49.081827"],"city":{"name":"Liptovský Mikuláš","translation":"Liptowski Mikułasz","slug":"liptovsky-mikulas","country":{"name":"Słowacja","symbol":"sk","slug":"slowacja"},"breweries":2,"trips":2},"address":"Družstevná 5"},"date":"grudzień 2025"}],"maxValue":37,"months":[{"slug":"01","label":"styczeń 2025","value":3},{"slug":"02","label":"luty 2025","value":0},{"slug":"03","label":"marzec 2025","value":14},{"slug":"04","label":"kwiecień 2025","value":12},{"slug":"05","label":"maj 2025","value":37},{"slug":"06","label":"czerwiec 2025","value":0},{"slug":"07","label":"lipiec 2025","value":16},{"slug":"08","label":"sierpień 2025","value":1},{"slug":"09","label":"wrzesień 2025","value":35},{"slug":"10","label":"październik 2025","value":12},{"slug":"11","label":"listopad 2025","value":2},{"slug":"12","label":"grudzień 2025","value":1}]}