{"europa":{"name":"Europa","slug":"europa","breweries":580},"obejrzany-sprzet":{"name":"obejrzany sprzęt","slug":"obejrzany-sprzet","breweries":565},"piwo-sprobowane-na-miejscu":{"name":"piwo spróbowane na miejscu","slug":"piwo-sprobowane-na-miejscu","breweries":526},"panstwa-unii-europejskiej":{"name":"państwa Unii Europejskiej","slug":"panstwa-unii-europejskiej","breweries":461},"browar-restauracyjny":{"name":"browar restauracyjny","slug":"browar-restauracyjny","breweries":275},"brewpub":{"name":"brewpub","slug":"brewpub","breweries":218},"browar-stoleczny":{"name":"browar stołeczny","slug":"browar-stoleczny","breweries":176},"panstwa-anglojezyczne":{"name":"państwa anglojęzyczne","slug":"panstwa-anglojezyczne","breweries":149},"mikrobrowar":{"name":"mikrobrowar","slug":"mikrobrowar","breweries":133},"spotkanie-z-piwowarem":{"name":"spotkanie z piwowarem","slug":"spotkanie-z-piwowarem","breweries":115},"odwiedzone-podczas-dziadotripu":{"name":"odwiedzone podczas dziadotripu","slug":"odwiedzone-podczas-dziadotripu","breweries":106},"panstwa-niemieckojezyczne":{"name":"państwa niemieckojęzyczne","slug":"panstwa-niemieckojezyczne","breweries":101},"piwo-sprobowane-na-wynos":{"name":"piwo spróbowane na wynos","slug":"piwo-sprobowane-na-wynos","breweries":95},"anglia":{"name":"Anglia","slug":"anglia","breweries":92},"piwo-sprobowane-poza-browarem":{"name":"piwo spróbowane poza browarem","slug":"piwo-sprobowane-poza-browarem","breweries":75},"przybrowarniany-sklep":{"name":"przybrowarniany sklep","slug":"przybrowarniany-sklep","breweries":64},"odwiedzone-podczas-wyjazdu-na-targi":{"name":"odwiedzone podczas wyjazdu na targi","slug":"odwiedzone-podczas-wyjazdu-na-targi","breweries":55},"ameryka-polnocna":{"name":"Ameryka Północna","slug":"ameryka-polnocna","breweries":49},"obecnie-zamkniety":{"name":"obecnie zamknięty","slug":"obecnie-zamkniety","breweries":44},"panstwa-beneluksu":{"name":"państwa Beneluksu","slug":"panstwa-beneluksu","breweries":37},"prowincja-kolumbia-brytyjska":{"name":"prowincja Kolumbia Brytyjska","slug":"prowincja-kolumbia-brytyjska","breweries":37},"wojewodztwo-dolnoslaskie":{"name":"województwo dolnośląskie","slug":"wojewodztwo-dolnoslaskie","breweries":37},"azja":{"name":"Azja","slug":"azja","breweries":35},"odwiedzone-podczas-wyjazdu-na-konferencje":{"name":"odwiedzone podczas wyjazdu na konferencję","slug":"odwiedzone-podczas-wyjazdu-na-konferencje","breweries":31},"london-brewers-alliance":{"name":"London Brewers Alliance","slug":"london-brewers-alliance","breweries":26},"browar-regionalny":{"name":"browar regionalny","slug":"browar-regionalny","breweries":26},"kraj-zwiazkowy-saksonia":{"name":"kraj związkowy Saksonia","slug":"kraj-zwiazkowy-saksonia","breweries":25},"panstwa-bylego-zsrr":{"name":"państwa byłego ZSRR","slug":"panstwa-bylego-zsrr","breweries":25},"miasto-wydzielone-praga":{"name":"miasto wydzielone Praga","slug":"miasto-wydzielone-praga","breweries":22},"panstwa-nordyckie":{"name":"państwa nordyckie","slug":"panstwa-nordyckie","breweries":22},"browar-pod-nasypem-kolejowym":{"name":"browar pod nasypem kolejowym","slug":"browar-pod-nasypem-kolejowym","breweries":21},"kraj-zwiazkowy-bawaria":{"name":"kraj związkowy Bawaria","slug":"kraj-zwiazkowy-bawaria","breweries":20},"browar-hotelowy":{"name":"browar hotelowy","slug":"browar-hotelowy","breweries":19},"instalacja-kaspar-schulz":{"name":"instalacja Kaspar Schulz","slug":"instalacja-kaspar-schulz","breweries":19},"wojewodztwo-slaskie":{"name":"województwo śląskie","slug":"wojewodztwo-slaskie","breweries":19},"odwiedzone-z-goworowa":{"name":"odwiedzone z Goworowa","slug":"odwiedzone-z-goworowa","breweries":18},"wojewodztwo-malopolskie":{"name":"województwo małopolskie","slug":"wojewodztwo-malopolskie","breweries":17},"instalacja-minibrowarypl":{"name":"instalacja Minibrowary.pl","slug":"instalacja-minibrowarypl","breweries":16},"wielokrotnie-odwiedzony":{"name":"wielokrotnie odwiedzony","slug":"wielokrotnie-odwiedzony","breweries":16},"browar-w-galerii-handlowej":{"name":"browar w galerii handlowej","slug":"browar-w-galerii-handlowej","breweries":15},"zorganizowana-wycieczka":{"name":"zorganizowana wycieczka","slug":"zorganizowana-wycieczka","breweries":15},"wojewodztwo-wielkopolskie":{"name":"województwo wielkopolskie","slug":"wojewodztwo-wielkopolskie","breweries":14},"wojewodztwo-lodzkie":{"name":"województwo łódzkie","slug":"wojewodztwo-lodzkie","breweries":14},"browar-koncernowy":{"name":"browar koncernowy","slug":"browar-koncernowy","breweries":13},"instalacja-salm":{"name":"instalacja Salm","slug":"instalacja-salm","breweries":13},"kraj-zwiazkowy-nadrenia-polnocna-westfalia":{"name":"kraj związkowy Nadrenia Północna-Westfalia","slug":"kraj-zwiazkowy-nadrenia-polnocna-westfalia","breweries":13},"londynska-piwna-mila":{"name":"londyńska piwna mila","slug":"londynska-piwna-mila","breweries":13},"panstwa-bylej-jugoslawii":{"name":"państwa byłej Jugosławii","slug":"panstwa-bylej-jugoslawii","breweries":13},"panstwa-skandynawskie":{"name":"państwa skandynawskie","slug":"panstwa-skandynawskie","breweries":13},"piwo-sprobowane-z-tanka":{"name":"piwo spróbowane z tanka","slug":"piwo-sprobowane-z-tanka","breweries":13},"prowincja-holandia-polnocna":{"name":"prowincja Holandia Północna","slug":"prowincja-holandia-polnocna","breweries":13},"brewery-creek-vancouver-ale-trail":{"name":"Brewery Creek Vancouver Ale Trail","slug":"brewery-creek-vancouver-ale-trail","breweries":12},"yeast-vancouver-ale-trail":{"name":"Yeast Vancouver Ale Trail","slug":"yeast-vancouver-ale-trail","breweries":12},"kraj-hradecki":{"name":"kraj hradecki","slug":"kraj-hradecki","breweries":12},"kraj-olomuniecki":{"name":"kraj ołomuniecki","slug":"kraj-olomuniecki","breweries":11},"kraj-zwiazkowy-berlin":{"name":"kraj związkowy Berlin","slug":"kraj-zwiazkowy-berlin","breweries":11},"muzeum":{"name":"muzeum","slug":"muzeum","breweries":11},"kraj-ustecki":{"name":"kraj ustecki","slug":"kraj-ustecki","breweries":10},"panstwa-hiszpanskojezyczne":{"name":"państwa hiszpańskojęzyczne","slug":"panstwa-hiszpanskojezyczne","breweries":10},"prowincja-holandia-poludniowa":{"name":"prowincja Holandia Południowa","slug":"prowincja-holandia-poludniowa","breweries":10},"wojewodztwo-pomorskie":{"name":"województwo pomorskie","slug":"wojewodztwo-pomorskie","breweries":10},"browar-przedwojenny":{"name":"browar przedwojenny","slug":"browar-przedwojenny","breweries":9},"browar-z-pizzeria":{"name":"browar z pizzerią","slug":"browar-z-pizzeria","breweries":9},"instalacja-joh-albrecht-brautechnik":{"name":"instalacja Joh. Albrecht Brautechnik","slug":"instalacja-joh-albrecht-brautechnik","breweries":9},"kraj-liberecki":{"name":"kraj liberecki","slug":"kraj-liberecki","breweries":9},"prowincja-brabancja-polnocna":{"name":"prowincja Brabancja Północna","slug":"prowincja-brabancja-polnocna","breweries":9},"przybrowarniana-restauracja":{"name":"przybrowarniana restauracja","slug":"przybrowarniana-restauracja","breweries":9},"stan-kalifornia":{"name":"stan Kalifornia","slug":"stan-kalifornia","breweries":9},"wojewodztwo-zachodniopomorskie":{"name":"województwo zachodniopomorskie","slug":"wojewodztwo-zachodniopomorskie","breweries":9},"browar-nad-rzeka":{"name":"browar nad rzeką","slug":"browar-nad-rzeka","breweries":8},"czlonek-polskiego-stowarzyszenia-browarow-rzemieslniczych":{"name":"członek Polskiego Stowarzyszenia Browarów Rzemieślniczych","slug":"czlonek-polskiego-stowarzyszenia-browarow-rzemieslniczych","breweries":8},"instalacja-braukon":{"name":"instalacja BrauKon","slug":"instalacja-braukon","breweries":8},"instalacja-mbs":{"name":"instalacja MBS","slug":"instalacja-mbs","breweries":8},"wojewodztwo-mazowieckie":{"name":"województwo mazowieckie","slug":"wojewodztwo-mazowieckie","breweries":7},"browar-przy-rynku":{"name":"browar przy rynku","slug":"browar-przy-rynku","breweries":6},"destylarnia":{"name":"destylarnia","slug":"destylarnia","breweries":6},"instalacja-caspary":{"name":"instalacja Caspary","slug":"instalacja-caspary","breweries":6},"instalacja-s-brewery":{"name":"instalacja S-Brewery","slug":"instalacja-s-brewery","breweries":6},"kraj-pardubicki":{"name":"kraj pardubicki","slug":"kraj-pardubicki","breweries":6},"kraj-poludniowomorawski":{"name":"kraj południowomorawski","slug":"kraj-poludniowomorawski","breweries":6},"wojewodztwo-warminsko-mazurskie":{"name":"województwo warmińsko-mazurskie","slug":"wojewodztwo-warminsko-mazurskie","breweries":6},"vancouvers-north-shore-ale-trail":{"name":"Vancouver's North Shore Ale Trail","slug":"vancouvers-north-shore-ale-trail","breweries":5},"browar-w-parku":{"name":"browar w parku","slug":"browar-w-parku","breweries":5},"instalacja-coenco":{"name":"instalacja CoEnCo","slug":"instalacja-coenco","breweries":5},"instalacja-ziptech":{"name":"instalacja Ziptech","slug":"instalacja-ziptech","breweries":5},"siec-brewdog":{"name":"sieć BrewDog","slug":"siec-brewdog","breweries":5},"siec-brewhouse-kitchen":{"name":"sieć Brewhouse & Kitchen","slug":"siec-brewhouse-kitchen","breweries":5},"terytoria-zalezne":{"name":"terytoria zależne","slug":"terytoria-zalezne","breweries":5},"browar-przygraniczny":{"name":"browar przygraniczny","slug":"browar-przygraniczny","breweries":4},"browar-w-piwnicy":{"name":"browar w piwnicy","slug":"browar-w-piwnicy","breweries":4},"instalacja-pacovske-strojirny":{"name":"instalacja Pacovske Strojirny","slug":"instalacja-pacovske-strojirny","breweries":4},"koncern-asahi":{"name":"koncern Asahi","slug":"koncern-asahi","breweries":4},"kraj-pilznenski":{"name":"kraj pilzneński","slug":"kraj-pilznenski","breweries":4},"kraj-zwiazkowy-meklemburgia-pomorze-przednie":{"name":"kraj związkowy Meklemburgia-Pomorze Przednie","slug":"kraj-zwiazkowy-meklemburgia-pomorze-przednie","breweries":4},"odwiedzony-przedpremierowo":{"name":"odwiedzony przedpremierowo","slug":"odwiedzony-przedpremierowo","breweries":4},"region-lombardia":{"name":"region Lombardia","slug":"region-lombardia","breweries":4},"sakagura":{"name":"sakagura","slug":"sakagura","breweries":4},"siec-bierhalle":{"name":"sieć Bierhalle","slug":"siec-bierhalle","breweries":4},"terytoria-zalezne-chin":{"name":"terytoria zależne Chin","slug":"terytoria-zalezne-chin","breweries":4},"wojewodztwo-lubuskie":{"name":"województwo lubuskie","slug":"wojewodztwo-lubuskie","breweries":4},"browar-eksperymentalny":{"name":"browar eksperymentalny","slug":"browar-eksperymentalny","breweries":3},"browar-na-dworcu":{"name":"browar na dworcu","slug":"browar-na-dworcu","breweries":3},"browar-na-pietrze":{"name":"browar na piętrze","slug":"browar-na-pietrze","breweries":3},"browar-tworzacy-oktoberfest":{"name":"browar tworzący Oktoberfest","slug":"browar-tworzacy-oktoberfest","breweries":3},"browar-w-podziemiu":{"name":"browar w podziemiu","slug":"browar-w-podziemiu","breweries":3},"cydrownia":{"name":"cydrownia","slug":"cydrownia","breweries":3},"czlonek-stowarzyszenia-regionalnych-browarow-polskich":{"name":"członek Stowarzyszenia Regionalnych Browarów Polskich","slug":"czlonek-stowarzyszenia-regionalnych-browarow-polskich","breweries":3},"koncern-carlsberg":{"name":"koncern Carlsberg","slug":"koncern-carlsberg","breweries":3},"koncern-heineken":{"name":"koncern Heineken","slug":"koncern-heineken","breweries":3},"obecnie-przeniesiony":{"name":"obecnie przeniesiony","slug":"obecnie-przeniesiony","breweries":3},"prowincja-utrecht":{"name":"prowincja Utrecht","slug":"prowincja-utrecht","breweries":3},"region-piemont":{"name":"region Piemont","slug":"region-piemont","breweries":3},"siec-german-kraft":{"name":"sieć German Kraft","slug":"siec-german-kraft","breweries":3},"siec-mikkeller":{"name":"sieć Mikkeller","slug":"siec-mikkeller","breweries":3},"warsztat-dla-piwowarow-domowych":{"name":"warsztat dla piwowarów domowych","slug":"warsztat-dla-piwowarow-domowych","breweries":3},"wojewodztwo-kujawsko-pomorskie":{"name":"województwo kujawsko-pomorskie","slug":"wojewodztwo-kujawsko-pomorskie","breweries":3},"browar-akademicki":{"name":"browar akademicki","slug":"browar-akademicki","breweries":2},"browar-historyczny":{"name":"browar historyczny","slug":"browar-historyczny","breweries":2},"browar-klasztorny":{"name":"browar klasztorny","slug":"browar-klasztorny","breweries":2},"browar-kolektywny":{"name":"browar kolektywny","slug":"browar-kolektywny","breweries":2},"browar-na-wodzie":{"name":"browar na wodzie","slug":"browar-na-wodzie","breweries":2},"browar-na-zamku":{"name":"browar na zamku","slug":"browar-na-zamku","breweries":2},"browar-nad-morzem":{"name":"browar nad morzem","slug":"browar-nad-morzem","breweries":2},"browar-przy-klubie":{"name":"browar przy klubie","slug":"browar-przy-klubie","breweries":2},"browar-przy-wyciagu-narciarskim":{"name":"browar przy wyciągu narciarskim","slug":"browar-przy-wyciagu-narciarskim","breweries":2},"browar-w-hali-targowej":{"name":"browar w hali targowej","slug":"browar-w-hali-targowej","breweries":2},"browar-z-kregielnia":{"name":"browar z kręgielnią","slug":"browar-z-kregielnia","breweries":2},"eksperymentalna-warzelnia-przy-taproomie":{"name":"eksperymentalna warzelnia przy taproomie","slug":"eksperymentalna-warzelnia-przy-taproomie","breweries":2},"eksperymentalny-browar-wewnatrz-wiekszego-browaru":{"name":"eksperymentalny browar wewnątrz większego browaru","slug":"eksperymentalny-browar-wewnatrz-wiekszego-browaru","breweries":2},"grupa-kompania-piwowarska":{"name":"grupa Kompania Piwowarska","slug":"grupa-kompania-piwowarska","breweries":2},"grupa-liberec-investment-fund":{"name":"grupa Liberec Investment Fund","slug":"grupa-liberec-investment-fund","breweries":2},"instalacja-braumax":{"name":"instalacja Braumax","slug":"instalacja-braumax","breweries":2},"instalacja-polsinelli":{"name":"instalacja Polsinelli","slug":"instalacja-polsinelli","breweries":2},"instalacja-sk-group":{"name":"instalacja SK Group","slug":"instalacja-sk-group","breweries":2},"instalacja-ssv-limited":{"name":"instalacja SSV Limited","slug":"instalacja-ssv-limited","breweries":2},"instalacja-wachsmann":{"name":"instalacja Wachsmann","slug":"instalacja-wachsmann","breweries":2},"instalacja-autorska":{"name":"instalacja autorska","slug":"instalacja-autorska","breweries":2},"koncern-anheuser-busch-inbev":{"name":"koncern Anheuser-Busch InBev","slug":"koncern-anheuser-busch-inbev","breweries":2},"koncern-diageo":{"name":"koncern Diageo","slug":"koncern-diageo","breweries":2},"koncern-radeberger":{"name":"koncern Radeberger","slug":"koncern-radeberger","breweries":2},"kraj-wysoczyna":{"name":"kraj Wysoczyna","slug":"kraj-wysoczyna","breweries":2},"kraj-zwiazkowy-badenia-wirtembergia":{"name":"kraj związkowy Badenia-Wirtembergia","slug":"kraj-zwiazkowy-badenia-wirtembergia","breweries":2},"kraj-zwiazkowy-hamburg":{"name":"kraj związkowy Hamburg","slug":"kraj-zwiazkowy-hamburg","breweries":2},"miodosytnia":{"name":"miodosytnia","slug":"miodosytnia","breweries":2},"siec-bratislavsky-mestiansky-pivovar":{"name":"sieć Bratislavský Meštiansky Pivovar","slug":"siec-bratislavsky-mestiansky-pivovar","breweries":2},"siec-kyoto-beer-lab":{"name":"sieć Kyoto Beer Lab","slug":"siec-kyoto-beer-lab","breweries":2},"siec-malting-pot":{"name":"sieć Malting-Pot","slug":"siec-malting-pot","breweries":2},"siec-nowy-browar":{"name":"sieć Nowy Browar","slug":"siec-nowy-browar","breweries":2},"siec-porter-pub":{"name":"sieć Porter Pub","slug":"siec-porter-pub","breweries":2},"wojewodztwo-opolskie":{"name":"województwo opolskie","slug":"wojewodztwo-opolskie","breweries":2},"wojewodztwo-podlaskie":{"name":"województwo podlaskie","slug":"wojewodztwo-podlaskie","breweries":2},"browar-bezalkoholowy":{"name":"browar bezalkoholowy","slug":"browar-bezalkoholowy","breweries":1},"browar-kontraktujacy":{"name":"browar kontraktujący","slug":"browar-kontraktujacy","breweries":1},"browar-na-lotnisku":{"name":"browar na lotnisku","slug":"browar-na-lotnisku","breweries":1},"browar-na-rynku":{"name":"browar na rynku","slug":"browar-na-rynku","breweries":1},"browar-na-terenie-zabytkowego-browaru":{"name":"browar na terenie zabytkowego browaru","slug":"browar-na-terenie-zabytkowego-browaru","breweries":1},"browar-na-wyspie":{"name":"browar na wyspie","slug":"browar-na-wyspie","breweries":1},"browar-na-lodzi":{"name":"browar na łodzi","slug":"browar-na-lodzi","breweries":1},"browar-nad-stawem":{"name":"browar nad stawem","slug":"browar-nad-stawem","breweries":1},"browar-trapistow":{"name":"browar trapistów","slug":"browar-trapistow","breweries":1},"browar-w-bylym-browarze":{"name":"browar w byłym browarze","slug":"browar-w-bylym-browarze","breweries":1},"browar-w-kosciele":{"name":"browar w kościele","slug":"browar-w-kosciele","breweries":1},"browar-w-ratuszu":{"name":"browar w ratuszu","slug":"browar-w-ratuszu","breweries":1},"grupa-fortuna":{"name":"grupa Fortuna","slug":"grupa-fortuna","breweries":1},"grupa-pms":{"name":"grupa PMS","slug":"grupa-pms","breweries":1},"grupa-van-pur":{"name":"grupa Van Pur","slug":"grupa-van-pur","breweries":1},"instalacja-brewiks":{"name":"instalacja Brewiks","slug":"instalacja-brewiks","breweries":1},"instalacja-destila":{"name":"instalacja Destila","slug":"instalacja-destila","breweries":1},"instalacja-eurolux":{"name":"instalacja Eurolux","slug":"instalacja-eurolux","breweries":1},"instalacja-labu":{"name":"instalacja Labu","slug":"instalacja-labu","breweries":1},"instalacja-letina":{"name":"instalacja Letina","slug":"instalacja-letina","breweries":1},"kombucharnia":{"name":"kombucharnia","slug":"kombucharnia","breweries":1},"koncern-brau-union":{"name":"koncern Brau Union","slug":"koncern-brau-union","breweries":1},"koncern-grupa-zywiec":{"name":"koncern Grupa Żywiec","slug":"koncern-grupa-zywiec","breweries":1},"koncern-kirin":{"name":"koncern Kirin","slug":"koncern-kirin","breweries":1},"koncern-molson-coors":{"name":"koncern Molson Coors","slug":"koncern-molson-coors","breweries":1},"kraj-zwiazkowy-brandenburgia":{"name":"kraj związkowy Brandenburgia","slug":"kraj-zwiazkowy-brandenburgia","breweries":1},"kraj-zwiazkowy-dolna-saksonia":{"name":"kraj związkowy Dolna Saksonia","slug":"kraj-zwiazkowy-dolna-saksonia","breweries":1},"kraj-zwiazkowy-szlezwik-holsztyn":{"name":"kraj związkowy Szlezwik-Holsztyn","slug":"kraj-zwiazkowy-szlezwik-holsztyn","breweries":1},"piwne-spa":{"name":"piwne spa","slug":"piwne-spa","breweries":1},"prowincja-limburgia":{"name":"prowincja Limburgia","slug":"prowincja-limburgia","breweries":1},"region-andaluzja":{"name":"region Andaluzja","slug":"region-andaluzja","breweries":1},"siec-befed":{"name":"sieć BEFeD","slug":"siec-befed","breweries":1},"siec-gb":{"name":"sieć GB","slug":"siec-gb","breweries":1},"siec-paulaner":{"name":"sieć Paulaner","slug":"siec-paulaner","breweries":1},"siec-spiz":{"name":"sieć Spiż","slug":"siec-spiz","breweries":1},"siec-stiegl":{"name":"sieć Stiegl","slug":"siec-stiegl","breweries":1},"siec-tucher":{"name":"sieć Tucher","slug":"siec-tucher","breweries":1},"terytoria-zalezne-wielkiej-brytanii":{"name":"terytoria zależne Wielkiej Brytanii","slug":"terytoria-zalezne-wielkiej-brytanii","breweries":1},"wyspiarski-pub":{"name":"wyspiarski pub","slug":"wyspiarski-pub","breweries":1}}